{
"type": "FeatureCollection",
"name": "aoi",
"crs": { "type": "name", "properties": { "name": "urn:ogc:def:crs:OGC:1.3:CRS84" } },
"features": [
{ "type": "Feature", "properties": { "id": "1_0002000000000000000a", "ADM0_CODE": 167, "ADM0_NAME": "Mongolia", "ADM1_CODE": 2094, "ADM1_NAME": "To'v", "DISP_AREA": "NO", "EXP1_YEAR": 3000, "STATUS": "Member State", "STR1_YEAR": 1000, "Shape_Area": 8.8626221385200008, "Shape_Leng": 23.468169952099998 }, "geometry": { "type": "Polygon", "coordinates": [ [ [ 104.046086592168862, 47.302665673155211 ], [ 104.093362030473855, 47.318294830884049 ], [ 104.140637438584292, 47.333924001719758 ], [ 104.172836554250978, 47.339252611270169 ], [ 104.192224755877746, 47.346641346601338 ], [ 104.198685962129389, 47.349187505712877 ], [ 104.208732360101322, 47.353481610512624 ], [ 104.222568911689478, 47.359001966141577 ], [ 104.227607700118099, 47.359175902837599 ], [ 104.228981156008658, 47.359305219617134 ], [ 104.22820072945224, 47.35972877860052 ], [ 104.228174027568798, 47.359826910262456 ], [ 104.21352138961258, 47.367884503448394 ], [ 104.213218165051643, 47.368785222951999 ], [ 104.213829065779024, 47.369784049506848 ], [ 104.213267237910543, 47.370256752824424 ], [ 104.212830210078465, 47.371157483958932 ], [ 104.211715534264741, 47.371099540991828 ], [ 104.210368798439404, 47.371946773129501 ], [ 104.209294231040346, 47.373837409881936 ], [ 104.208099152118493, 47.374492863592025 ], [ 104.206226360399114, 47.375184046944412 ], [ 104.202168567235148, 47.377083646881545 ], [ 104.200496406875857, 47.3786398371142 ], [ 104.197299237519601, 47.379585188484185 ], [ 104.196732898775224, 47.380557281888784 ], [ 104.195123148962992, 47.381529385406452 ], [ 104.195381827234442, 47.382563854966698 ], [ 104.193937012345231, 47.383745530182289 ], [ 104.193112132498044, 47.38732172571266 ], [ 104.191208096353975, 47.389475496969766 ], [ 104.189540345344795, 47.391031693265006 ], [ 104.18896069101514, 47.392815350159083 ], [ 104.188938372890775, 47.394237787162616 ], [ 104.187605105956422, 47.395125129913808 ], [ 104.180818344730312, 47.397408240502052 ], [ 104.177344742752013, 47.397662358549759 ], [ 104.170147762644703, 47.400672290626822 ], [ 104.169354033445217, 47.402081382629774 ], [ 104.16736526065408, 47.403040020300551 ], [ 104.166785582124277, 47.40489946542273 ], [ 104.16500642608257, 47.406009793287872 ], [ 104.159936420825346, 47.406718802512962 ], [ 104.151802963930763, 47.407048761264136 ], [ 104.150599019049679, 47.406272882943107 ], [ 104.148516639231644, 47.405884944413181 ], [ 104.147883481582667, 47.404239570243533 ], [ 104.146358440264322, 47.40340571094066 ], [ 104.143272766782005, 47.403686606545755 ], [ 104.140615047128293, 47.404859345371442 ], [ 104.138840400935479, 47.405666471930154 ], [ 104.136432502681956, 47.405274062900084 ], [ 104.133895262139006, 47.405702100346844 ], [ 104.132802761924793, 47.405171483813703 ], [ 104.13149627138479, 47.404342108517746 ], [ 104.129846353297623, 47.404400058429445 ], [ 104.12819203918329, 47.404841524147237 ], [ 104.125873338911902, 47.405117957953209 ], [ 104.124441945521127, 47.405332030745612 ], [ 104.123875637878413, 47.406375491151685 ], [ 104.121784360697291, 47.406727742821928 ], [ 104.119893615346982, 47.407686447801339 ], [ 104.118118942210856, 47.40856930185295 ], [ 104.115559440980618, 47.410415435540266 ], [ 104.113891751445195, 47.411597053581957 ], [ 104.112018914475328, 47.411953767798259 ], [ 104.110467143691324, 47.412542359857341 ], [ 104.109896374677447, 47.413732984847812 ], [ 104.10933897145901, 47.414174395294317 ], [ 104.107466099789576, 47.414383996280556 ], [ 104.106137372373937, 47.414896815428627 ], [ 104.106128392630382, 47.415641464815373 ], [ 104.103916689332706, 47.416145359286382 ], [ 104.103127451024719, 47.417184288883789 ], [ 104.101589065848799, 47.417398339673667 ], [ 104.100144354571626, 47.418058331807821 ], [ 104.099582429558097, 47.41880299244211 ], [ 104.098686234327715, 47.419841969543441 ], [ 104.097901368212646, 47.420653493727585 ], [ 104.096233681278903, 47.421607720625524 ], [ 104.096541410057455, 47.422954428529678 ], [ 104.096527997744687, 47.423627758850159 ], [ 104.095310621524987, 47.424064731258937 ], [ 104.095292793349174, 47.425335583578764 ], [ 104.095934859732083, 47.42646368264117 ], [ 104.096131083601009, 47.427507143732846 ], [ 104.095792228632362, 47.428104668311839 ], [ 104.093919415302551, 47.428385605516368 ], [ 104.093357547468329, 47.428978619238784 ], [ 104.092358733084765, 47.429495904181437 ], [ 104.090151488095927, 47.429999762811036 ], [ 104.089580653532693, 47.431337528770158 ], [ 104.08583946194058, 47.433143438968742 ], [ 104.084769350846614, 47.434325116046736 ], [ 104.083409299298182, 47.435881299576565 ], [ 104.08255755940506, 47.437317166025622 ], [ 104.081763907694224, 47.43810196505072 ], [ 104.080479700315379, 47.439323786195459 ], [ 104.078785209875932, 47.440117511036739 ], [ 104.077884472406211, 47.439876664769017 ], [ 104.07675180950578, 47.440246786069984 ], [ 104.076247947500377, 47.441094049888385 ], [ 104.075458731189315, 47.442226644075184 ], [ 104.075226800747927, 47.443466269737748 ], [ 104.073478879871288, 47.443546545828042 ], [ 104.072350694394032, 47.443773920190701 ], [ 104.071846852292339, 47.444625627456425 ], [ 104.071971671813841, 47.445526356750229 ], [ 104.072796683053596, 47.446391447843105 ], [ 104.073906951368798, 47.446922032163108 ], [ 104.074107641266167, 47.447635546983292 ], [ 104.073880149849785, 47.448393549311319 ], [ 104.073581399835234, 47.449722350069898 ], [ 104.073068688993459, 47.450904075344397 ], [ 104.072493411398597, 47.451657650144639 ], [ 104.071641683497134, 47.452313108774284 ], [ 104.071695263065706, 47.453218293230677 ], [ 104.072595998515723, 47.453891619527219 ], [ 104.073144476813141, 47.454511458019049 ], [ 104.073131062209583, 47.455367611966913 ], [ 104.073046332054574, 47.456081039548643 ], [ 104.072480064561191, 47.456451156936069 ], [ 104.071980635976857, 47.456928264693779 ], [ 104.072448821338213, 47.458114430029077 ], [ 104.07207876394672, 47.459487839845359 ], [ 104.071994000052143, 47.460343980659971 ], [ 104.071592688520823, 47.461195643314745 ], [ 104.071610527712863, 47.461958132337053 ], [ 104.072158957660719, 47.462578012444872 ], [ 104.072145624508053, 47.463527743724548 ], [ 104.072395331294942, 47.465244507805401 ], [ 104.07195391355701, 47.466377140306882 ], [ 104.070758868803154, 47.466796290048542 ], [ 104.069969566796829, 47.467737151143361 ], [ 104.068542656568354, 47.469057013127738 ], [ 104.067137977465265, 47.469520766839203 ], [ 104.065657589399351, 47.470078187505827 ], [ 104.063236341306734, 47.472338924777084 ], [ 104.062152759815447, 47.474086889589437 ], [ 104.061987824476859, 47.475415733866583 ], [ 104.061943143674284, 47.477787944022197 ], [ 104.06032895190306, 47.478251690399098 ], [ 104.059468379727676, 47.479103387283864 ], [ 104.059169580234027, 47.480427751110753 ], [ 104.057805168741766, 47.481983970184409 ], [ 104.05552654821409, 47.484102054909428 ], [ 104.053684909515624, 47.485274779958694 ], [ 104.052137598503776, 47.485644918988115 ], [ 104.050666091569909, 47.485676113693359 ], [ 104.049395276069674, 47.486041737774592 ], [ 104.048614894567109, 47.486563502839715 ], [ 104.048039667280946, 47.487459771995489 ], [ 104.047473423898737, 47.487932409744545 ], [ 104.045506929277181, 47.488057274006536 ], [ 104.044445633501866, 47.488570064089579 ], [ 104.043794607745113, 47.489707114927477 ], [ 104.04293407446238, 47.490839755231811 ], [ 104.042354298101742, 47.49173600427963 ], [ 104.042198291459556, 47.492636791890895 ], [ 104.042461364117258, 47.493635600524648 ], [ 104.042376624415965, 47.494491742905574 ], [ 104.042149232662979, 47.495343458105623 ], [ 104.041493726708211, 47.496667818256718 ], [ 104.040775819442857, 47.497657689129014 ], [ 104.040967633881579, 47.498607534463353 ], [ 104.041582945814909, 47.499708922719066 ], [ 104.042260694004966, 47.500850421653141 ], [ 104.042519317669004, 47.501996448214342 ], [ 104.04201543327342, 47.502754471093056 ], [ 104.041087984782919, 47.503503578137639 ], [ 104.039821556906915, 47.504110076861146 ], [ 104.039393477445046, 47.504439992035984 ], [ 104.039027833470797, 47.505050945107222 ], [ 104.039081380808128, 47.50624146431597 ], [ 104.038711229915549, 47.507284899685764 ], [ 104.037993384294083, 47.508181160734793 ], [ 104.03621418822047, 47.509402991867887 ], [ 104.034987896656531, 47.510219027749159 ], [ 104.034778296119143, 47.510540074366041 ], [ 104.03459553376949, 47.510852206937287 ], [ 104.035126168992974, 47.510874479571342 ], [ 104.03560772690625, 47.510874533503511 ], [ 104.086731274775801, 47.510954747144439 ], [ 104.112518302752918, 47.510526718911613 ], [ 104.13682766457174, 47.52316102098559 ], [ 104.161137032177948, 47.535795312112192 ], [ 104.185446378474765, 47.548429596827532 ], [ 104.209755676366427, 47.561063879694565 ], [ 104.234065032997137, 47.57369822483335 ], [ 104.258374348299881, 47.586332493053959 ], [ 104.282683766382888, 47.59896682025694 ], [ 104.306993126086752, 47.611601151495506 ], [ 104.345149618937825, 47.610843118665066 ], [ 104.379647493173465, 47.613681303525006 ], [ 104.414145245667555, 47.616519505480866 ], [ 104.439994707889184, 47.623395424787667 ], [ 104.465844090051434, 47.630271389712753 ], [ 104.505485460751501, 47.618659864709386 ], [ 104.526496791684067, 47.633602313953396 ], [ 104.550147823665199, 47.65733811558183 ], [ 104.552685076831409, 47.669052158704346 ], [ 104.552716283604994, 47.669208269833121 ], [ 104.60400039412859, 47.666332127694503 ], [ 104.639740135680938, 47.664646559969412 ], [ 104.67547983435847, 47.662961065319564 ], [ 104.716151247565804, 47.663375748774328 ], [ 104.723446387006618, 47.683000248243467 ], [ 104.741345198542547, 47.70953638867509 ], [ 104.73866527837265, 47.78957720348803 ], [ 104.706501804500405, 47.796573554185585 ], [ 104.695873548734653, 47.833093586693721 ], [ 104.685245218730614, 47.869613641217825 ], [ 104.673566914412874, 47.889313951961633 ], [ 104.66188846043751, 47.909014266532786 ], [ 104.645490148901629, 47.942459724379148 ], [ 104.629091821276447, 47.975905202016378 ], [ 104.625511118653876, 47.975419178727876 ], [ 104.622501196472669, 47.974937624281125 ], [ 104.619986270741805, 47.973773768702316 ], [ 104.616494785346234, 47.972320083269132 ], [ 104.614367858731384, 47.971249917906356 ], [ 104.612526198363724, 47.970866421900553 ], [ 104.610684651847876, 47.971058190615643 ], [ 104.609810631347983, 47.971834060762973 ], [ 104.609520807351359, 47.972801690286303 ], [ 104.609618879813056, 47.973483967459075 ], [ 104.6100068075975, 47.974255366737339 ], [ 104.611264318771632, 47.974835038498291 ], [ 104.612330054490869, 47.975709002248564 ], [ 104.61378371185981, 47.976970937725184 ], [ 104.613297684803371, 47.978326540999753 ], [ 104.611942055809308, 47.980163679507058 ], [ 104.610684650999488, 47.981813569032717 ], [ 104.609132862325666, 47.982299540874266 ], [ 104.607875375206774, 47.98210340098872 ], [ 104.605842030776074, 47.980939539705773 ], [ 104.603995978680004, 47.980163684946092 ], [ 104.602256941983455, 47.980266239760546 ], [ 104.60070067810581, 47.980359905048395 ], [ 104.599251465817957, 47.980747785825578 ], [ 104.597606123714698, 47.981813530528413 ], [ 104.597503489977512, 47.983071004162277 ], [ 104.598087622753056, 47.984234854071573 ], [ 104.598087673579897, 47.985300520986939 ], [ 104.597989555469354, 47.986945965179821 ], [ 104.597606063222059, 47.987721883253407 ], [ 104.596830179461733, 47.988011666116094 ], [ 104.595180342838731, 47.988011703028846 ], [ 104.593338761001206, 47.987628233925747 ], [ 104.591595236108674, 47.986945983220274 ], [ 104.590823811258772, 47.985786625079371 ], [ 104.590627531023202, 47.984332923420574 ], [ 104.590721191155936, 47.982977382236491 ], [ 104.591403428813834, 47.982103401539163 ], [ 104.591403481186489, 47.98123386949554 ], [ 104.59111362715403, 47.980070021997093 ], [ 104.590047841233982, 47.979873814806702 ], [ 104.588977712212227, 47.980070045446837 ], [ 104.587234170501617, 47.980649706567021 ], [ 104.585883056483041, 47.981907175994067 ], [ 104.583943397067969, 47.985010681062278 ], [ 104.581811947121551, 47.988979321518165 ], [ 104.580451849342964, 47.991306934898681 ], [ 104.579390675355782, 47.992082873805018 ], [ 104.578128677861855, 47.992180958455769 ], [ 104.576287162828208, 47.992180946413569 ], [ 104.574641671313273, 47.99140506465757 ], [ 104.573379787577835, 47.990432961439765 ], [ 104.571734366699616, 47.989465383389827 ], [ 104.570668630569926, 47.989563481466824 ], [ 104.569121291291495, 47.990339306604646 ], [ 104.567569520159338, 47.990535532941415 ], [ 104.566017814736099, 47.990049488148429 ], [ 104.56543366907438, 47.991017105882051 ], [ 104.566115912815121, 47.992279031597157 ], [ 104.566887308047512, 47.992666994765301 ], [ 104.568635245773237, 47.993148540155843 ], [ 104.56941120976353, 47.993340273269546 ], [ 104.570378811192654, 47.993826344906793 ], [ 104.571444478188383, 47.994410484692636 ], [ 104.572122321739585, 47.995471775062349 ], [ 104.571832490051079, 47.99702354230363 ], [ 104.570766686245122, 47.998089237026981 ], [ 104.568635288104986, 47.998771530229376 ], [ 104.566503856399606, 47.998575321000459 ], [ 104.564465984272289, 47.997897509324112 ], [ 104.563306654770813, 47.996537470316177 ], [ 104.562918708814195, 47.995280010219105 ], [ 104.562044753408742, 47.993826374671073 ], [ 104.560979018402477, 47.992470785344523 ], [ 104.559815180926208, 47.991886615250294 ], [ 104.558847525301857, 47.991989212740272 ], [ 104.557393930231711, 47.99218094635637 ], [ 104.556720540156405, 47.99343840609248 ], [ 104.55574844233719, 47.994793955321093 ], [ 104.55429483403546, 47.995378144332548 ], [ 104.553327230856723, 47.994022532343649 ], [ 104.552163436665623, 47.994120678718005 ], [ 104.551579202145675, 47.994794010653479 ], [ 104.550999602931171, 47.995574325004412 ], [ 104.549835721934798, 47.995471732023383 ], [ 104.549157930422837, 47.995864190981351 ], [ 104.54915794566503, 47.996925390572848 ], [ 104.550807862239267, 47.998379109501883 ], [ 104.54988034890826, 48.000470392867982 ], [ 104.548520301642725, 48.002048964691248 ], [ 104.548743215935659, 48.002971998814452 ], [ 104.549701996003108, 48.003672034825513 ], [ 104.550406446491408, 48.004416710354661 ], [ 104.551458786909947, 48.004546014456004 ], [ 104.552203503488613, 48.004327549586073 ], [ 104.553514472789246, 48.004064462489239 ], [ 104.554959232175804, 48.005161387057612 ], [ 104.555971465886572, 48.006561561418799 ], [ 104.555356077349302, 48.008010750245262 ], [ 104.55452670528534, 48.008666270366987 ], [ 104.552903610122584, 48.008969435259061 ], [ 104.551548020565932, 48.009147810945663 ], [ 104.549358567466925, 48.008577042923015 ], [ 104.547864831503475, 48.007961705360003 ], [ 104.545804682701174, 48.007658492462866 ], [ 104.544181592105005, 48.00665072672242 ], [ 104.543704425804776, 48.005816851459571 ], [ 104.543352183445961, 48.005116765550191 ], [ 104.542736825610305, 48.005072187310766 ], [ 104.541644337199955, 48.005116780749901 ], [ 104.540855069721431, 48.005424506675517 ], [ 104.540195117911864, 48.006164686190601 ], [ 104.539325603703873, 48.007395397210658 ], [ 104.538621086306733, 48.008487907147469 ], [ 104.537742639863808, 48.009147829482458 ], [ 104.536297862692251, 48.009584826348572 ], [ 104.535027061934414, 48.009758700294242 ], [ 104.534282422724885, 48.009410940019954 ], [ 104.533716118916587, 48.008750968939189 ], [ 104.533756232323924, 48.007698610791103 ], [ 104.533889936926329, 48.006606113220172 ], [ 104.533756222745481, 48.006213736273381 ], [ 104.533363783064544, 48.006164681274747 ], [ 104.533011550058603, 48.004818026444283 ], [ 104.532257906255538, 48.005477979907397 ], [ 104.53141516982852, 48.006606109408814 ], [ 104.531415206945496, 48.008108888320038 ], [ 104.53263696562361, 48.009986143112265 ], [ 104.532726175671996, 48.011578030815919 ], [ 104.532257922283875, 48.012612545413297 ], [ 104.531321552120531, 48.012612581584179 ], [ 104.53028700397202, 48.011863383687391 ], [ 104.529444291609508, 48.011484373070125 ], [ 104.529537882492093, 48.010828936540747 ], [ 104.53000607752152, 48.008577089187781 ], [ 104.530478758736535, 48.00764065761679 ], [ 104.529631538531547, 48.006508032281474 ], [ 104.528503371659355, 48.006418856840455 ], [ 104.527286038336499, 48.00679344948837 ], [ 104.526911449470589, 48.007167967374315 ], [ 104.525595987764774, 48.010173393894519 ], [ 104.523411050670163, 48.013401799719681 ], [ 104.523045400838782, 48.014636966588391 ], [ 104.5227377487181, 48.015930149279171 ], [ 104.522305286502061, 48.016541040467068 ], [ 104.522430087716316, 48.017036004897776 ], [ 104.523910542642213, 48.016603455549834 ], [ 104.525631692741399, 48.016358188680762 ], [ 104.526800007973733, 48.017281248493717 ], [ 104.526429929527211, 48.01844946783504 ], [ 104.525506844858242, 48.019622251033496 ], [ 104.524463414022819, 48.02042044621237 ], [ 104.522430091503139, 48.02116062149495 ], [ 104.520954154776604, 48.022083674429858 ], [ 104.519411247953414, 48.022948712326894 ], [ 104.518367790681239, 48.02362203909211 ], [ 104.517502803493855, 48.024549552522565 ], [ 104.516887438511858, 48.026208366482216 ], [ 104.515781630241406, 48.027439069991587 ], [ 104.515161720866672, 48.027809182043875 ], [ 104.513378106356299, 48.027809144323534 ], [ 104.512267849323081, 48.027563907393755 ], [ 104.51140719055293, 48.027934018797325 ], [ 104.510667035743282, 48.028121303028207 ], [ 104.509561120594597, 48.027991989178737 ], [ 104.50715770897223, 48.027439032087557 ], [ 104.505432028135374, 48.027318693686738 ], [ 104.503215774706533, 48.026828143281755 ], [ 104.502234777731559, 48.026828157062489 ], [ 104.500384337433189, 48.027068979902651 ], [ 104.49853824278199, 48.027439072879353 ], [ 104.498377685937214, 48.027697666415243 ], [ 104.498961880626268, 48.028518157995883 ], [ 104.499233813811585, 48.029258366491852 ], [ 104.498886049454214, 48.029646276567625 ], [ 104.498101241778059, 48.029882606819989 ], [ 104.496973071037559, 48.029802350992099 ], [ 104.495100210776314, 48.029490213622211 ], [ 104.493579712609204, 48.029686421410979 ], [ 104.492054727058502, 48.030270617287961 ], [ 104.491158405224184, 48.030934991738981 ], [ 104.490846313133005, 48.031831281187351 ], [ 104.490494012475196, 48.032772128065815 ], [ 104.490221978044332, 48.033235921426161 ], [ 104.490025855207392, 48.03331617462559 ], [ 104.489053675550551, 48.033316157591834 ], [ 104.488309037440786, 48.033079815314672 ], [ 104.487689278102252, 48.032339606039201 ], [ 104.487100645802684, 48.031599422382072 ], [ 104.486672577212261, 48.031247134074412 ], [ 104.486204305015207, 48.031166845145833 ], [ 104.484920178093873, 48.031403211994267 ], [ 104.483863343091514, 48.031443291166184 ], [ 104.483314895680422, 48.031363096126391 ], [ 104.482614800668443, 48.031131203632938 ], [ 104.481598074771199, 48.031091064881231 ], [ 104.480741990350111, 48.031322906997801 ], [ 104.480090982799283, 48.031920474595594 ], [ 104.480247025393439, 48.032629447478094 ], [ 104.480960502800315, 48.033342904994853 ], [ 104.481036225370104, 48.033815597383679 ], [ 104.480724122668519, 48.034448739079316 ], [ 104.479850079869465, 48.034689526343008 ], [ 104.478351885726468, 48.034212451709003 ], [ 104.477397619703964, 48.033815560318445 ], [ 104.475658570117304, 48.032946044880319 ], [ 104.47486489021405, 48.032870260407918 ], [ 104.473125760627212, 48.032789960458729 ], [ 104.471939669975342, 48.032393146697331 ], [ 104.471306504533956, 48.03223706067859 ], [ 104.471070116632788, 48.031050931753761 ], [ 104.471230735408795, 48.030261670047508 ], [ 104.4705172784208, 48.030573791307212 ], [ 104.46877822760446, 48.032156817534222 ], [ 104.468144973855388, 48.032870229815302 ], [ 104.468461541428312, 48.03357922853548 ], [ 104.469250837700912, 48.033815598566591 ], [ 104.470361138298415, 48.034448788899333 ], [ 104.470597548154345, 48.035559092518838 ], [ 104.4698037639468, 48.037454214257593 ], [ 104.46869792403632, 48.039353749394479 ], [ 104.467195186576987, 48.040776219520566 ], [ 104.465853017468007, 48.041329146932092 ], [ 104.464350319268277, 48.041173082444843 ], [ 104.46308387890052, 48.041012570449496 ], [ 104.460872214706768, 48.040856492816026 ], [ 104.458816604680379, 48.040695965888808 ], [ 104.457389686848245, 48.040062791786767 ], [ 104.456203549824579, 48.039906667140293 ], [ 104.455253712168485, 48.040695935811975 ], [ 104.453670782642632, 48.041645716398719 ], [ 104.452168034580396, 48.041489653237143 ], [ 104.451298533621198, 48.041329188177116 ], [ 104.4494791603328, 48.040459659303828 ], [ 104.44837334813775, 48.040143059258376 ], [ 104.447343287318205, 48.040459626369994 ], [ 104.446317734260617, 48.041882093750097 ], [ 104.444895246482176, 48.043701429326553 ], [ 104.444337870777844, 48.04401797791418 ], [ 104.443548528782813, 48.044174040908075 ], [ 104.442362440725518, 48.044017975964778 ], [ 104.441096115008492, 48.043304552310758 ], [ 104.439673624971959, 48.042359246574485 ], [ 104.43801488870605, 48.042675828348926 ], [ 104.436748410086537, 48.04267578751643 ], [ 104.435798692352492, 48.042359228810831 ], [ 104.435718377643127, 48.041565485829224 ], [ 104.436195576886334, 48.04101256717928 ], [ 104.437461863528142, 48.040379341139975 ], [ 104.438884367569855, 48.039987001373014 ], [ 104.440070487586496, 48.039273521496881 ], [ 104.439517566984208, 48.038640309482062 ], [ 104.43841172510713, 48.038243421233311 ], [ 104.436592424741917, 48.038323734842123 ], [ 104.435562357268623, 48.039193225988633 ], [ 104.435004920430742, 48.040615669944458 ], [ 104.435004955517968, 48.042042624550341 ], [ 104.435085219020024, 48.043937700710885 ], [ 104.434451982150151, 48.045757054133297 ], [ 104.43397937416627, 48.046234128978469 ], [ 104.43279320348249, 48.046550776518785 ], [ 104.430893698285786, 48.046390267361978 ], [ 104.42599310417819, 48.046470505154105 ], [ 104.425596242674175, 48.046787121366961 ], [ 104.425596271456527, 48.047420309165183 ], [ 104.425752343935542, 48.047736870231098 ], [ 104.426862650003798, 48.047736873568581 ], [ 104.428918256860271, 48.047736873867635 ], [ 104.430496786098175, 48.047736868141847 ], [ 104.431446595027552, 48.048370109174911 ], [ 104.431682886266159, 48.048922980620851 ], [ 104.431290566929377, 48.049872824042659 ], [ 104.429943918259752, 48.050109125391167 ], [ 104.428285077423567, 48.050109114831038 ], [ 104.426938449235706, 48.04963646914365 ], [ 104.425993170261705, 48.049872814384976 ], [ 104.425832554041534, 48.050189427839221 ], [ 104.426546016772704, 48.050822614502124 ], [ 104.427807985971981, 48.051058911257087 ], [ 104.428994104538504, 48.052008735259015 ], [ 104.42970758155667, 48.053667520375988 ], [ 104.429707565326368, 48.05509442175277 ], [ 104.429547050254271, 48.056119970512839 ], [ 104.429310728225815, 48.056672912038309 ], [ 104.428521443754306, 48.057466658941031 ], [ 104.427335304479158, 48.057466608673884 ], [ 104.426621863222749, 48.057306151561235 ], [ 104.426305207781056, 48.056280530117661 ], [ 104.426149121424771, 48.055094375723336 ], [ 104.425279636502594, 48.054144594804029 ], [ 104.424410145481886, 48.054064335364693 ], [ 104.423460360437602, 48.054064382455394 ], [ 104.422510549363551, 48.054064347631375 ], [ 104.422193960570056, 48.054536994069764 ], [ 104.422987666821726, 48.055250433326769 ], [ 104.423540566672813, 48.056120016813146 ], [ 104.422907418931487, 48.056592690171904 ], [ 104.421721331180507, 48.056592654360351 ], [ 104.420374649814462, 48.056592669692641 ], [ 104.418635637672992, 48.055883645209185 ], [ 104.417529735508339, 48.055406546161052 ], [ 104.416896570263376, 48.055567092482335 ], [ 104.416343630395332, 48.056672943498988 ], [ 104.415790633084924, 48.058019550234349 ], [ 104.415157464945509, 48.058728594915465 ], [ 104.413966863594283, 48.059361740678213 ], [ 104.413413963766601, 48.059522286534651 ], [ 104.411991555578396, 48.059361720991539 ], [ 104.411041743885562, 48.058728577653717 ], [ 104.410252473954387, 48.058095395574533 ], [ 104.409699559178733, 48.058175678602261 ], [ 104.409302675019006, 48.058728609689794 ], [ 104.409142217075356, 48.059361787411852 ], [ 104.409699561372719, 48.059914715362694 ], [ 104.410805427652988, 48.060944708905424 ], [ 104.410885694877422, 48.062050592110623 ], [ 104.410252453522403, 48.062603557566462 ], [ 104.409619284085338, 48.06276406866435 ], [ 104.408196841292764, 48.062839861329984 ], [ 104.406613838510253, 48.062683807106005 ], [ 104.405347517683765, 48.062050602717264 ], [ 104.404794554292152, 48.061100785811917 ], [ 104.40519146047366, 48.059598123035357 ], [ 104.405508014518347, 48.058175651579063 ], [ 104.405191362085759, 48.057306093868306 ], [ 104.404161411173831, 48.056989530675523 ], [ 104.40258279560004, 48.056989522368276 ], [ 104.40210574533134, 48.057150050931064 ], [ 104.40171329523497, 48.057778746754252 ], [ 104.401869401479274, 48.05841194379969 ], [ 104.403688709151282, 48.059205672380884 ], [ 104.404321849514901, 48.060708400553366 ], [ 104.403844721148019, 48.062206654556981 ], [ 104.402342094633411, 48.063633586326219 ], [ 104.401789093738657, 48.064025955503631 ], [ 104.400843818778924, 48.06355329042384 ], [ 104.399497153081086, 48.062603490912579 ], [ 104.398471499667934, 48.061024985644544 ], [ 104.397914160778555, 48.059598059898171 ], [ 104.397124878097301, 48.058728555077849 ], [ 104.396255304086296, 48.058572470145819 ], [ 104.394275494431128, 48.058412007089508 ], [ 104.393325780718399, 48.059125444451468 ], [ 104.393089414922656, 48.0595981230828 ], [ 104.393562058271115, 48.059914701316423 ], [ 104.395385814876278, 48.060075254437997 ], [ 104.397044644134297, 48.060784242167841 ], [ 104.397994470751456, 48.061734008068285 ], [ 104.398154960196791, 48.062683818110962 ], [ 104.397441477633478, 48.063392758591483 ], [ 104.396491690959493, 48.063709374040762 ], [ 104.394832961675618, 48.063553316515431 ], [ 104.393245449758737, 48.063156446499143 ], [ 104.391666960361874, 48.063553303263063 ], [ 104.390873246136806, 48.063789636281463 ], [ 104.389923430223689, 48.063236689554145 ], [ 104.388737289110139, 48.061653720244294 ], [ 104.388028347695922, 48.061181047065425 ], [ 104.387395104605858, 48.061417425593902 ], [ 104.387078551573936, 48.0618142928327 ], [ 104.38715882377582, 48.06276404816731 ], [ 104.38771175151858, 48.063553293865752 ], [ 104.387711769064978, 48.064503121618785 ], [ 104.387078520415983, 48.064819677907543 ], [ 104.386208956997052, 48.064975747994275 ], [ 104.384626062140214, 48.065372601664869 ], [ 104.383047573837345, 48.064819725990191 ], [ 104.381700903277206, 48.064503126406983 ], [ 104.380278401573307, 48.06450310590818 ], [ 104.379725475343307, 48.064895491892742 ], [ 104.380278379011344, 48.065769522319194 ], [ 104.380278405121771, 48.066242124357601 ], [ 104.379564939068629, 48.066719242757571 ], [ 104.378222729832146, 48.066719303326686 ], [ 104.377116884299369, 48.066402683102439 ], [ 104.375137067070156, 48.066242134358035 ], [ 104.374503879706324, 48.066719257404301 ], [ 104.373634366162989, 48.067428305533376 ], [ 104.372524085712044, 48.067669074514015 ], [ 104.371101545011825, 48.067588836391984 ], [ 104.370151738332154, 48.067588785860885 ], [ 104.36967910532745, 48.067985654302696 ], [ 104.368889819613315, 48.069015722464421 ], [ 104.368332536131547, 48.069885258319076 ], [ 104.367306904270436, 48.070277628958507 ], [ 104.363904524865134, 48.071624266560619 ], [ 104.361456526999447, 48.071780325026985 ], [ 104.361296032965669, 48.071147153375257 ], [ 104.361296076473323, 48.070357926117225 ], [ 104.360823308197268, 48.069644415411297 ], [ 104.360029600581001, 48.069724735887185 ], [ 104.358607190029105, 48.070991099057984 ], [ 104.357184678234987, 48.071544018996484 ], [ 104.35591831633721, 48.071544030477042 ], [ 104.353626394481694, 48.070830600382322 ], [ 104.351802562527553, 48.071147173493543 ], [ 104.350460413408584, 48.071940876158543 ], [ 104.348007887857108, 48.073046775622437 ], [ 104.346041383199648, 48.073430208836278 ], [ 104.344516443816261, 48.072761329957821 ], [ 104.342888850121099, 48.071521744738497 ], [ 104.341457434198958, 48.070950956006968 ], [ 104.339170010636323, 48.070857347141505 ], [ 104.337069684600152, 48.071428071482096 ], [ 104.335446565852564, 48.071811543627518 ], [ 104.334969441881839, 48.072859452098434 ], [ 104.335732023305994, 48.074005462118429 ], [ 104.336877951063997, 48.074861573117261 ], [ 104.338501037197517, 48.076386600828322 ], [ 104.338407431315304, 48.077438948012599 ], [ 104.336115514805257, 48.077822459756149 ], [ 104.332396609937561, 48.077630664936869 ], [ 104.331348658066275, 48.080208061350177 ], [ 104.330889431084472, 48.081233658679345 ], [ 104.330581765206432, 48.081920371856981 ], [ 104.328865008960904, 48.082687300829221 ], [ 104.326287636974996, 48.082874565640047 ], [ 104.322372473674164, 48.082874606272924 ], [ 104.32056208048904, 48.083258084488484 ], [ 104.318653664509938, 48.084404049129219 ], [ 104.315884515782713, 48.086789672921526 ], [ 104.314551225833753, 48.088600109756868 ], [ 104.314551213901794, 48.090321276356185 ], [ 104.314551283372637, 48.093277715122952 ], [ 104.313976031682287, 48.094802732680748 ], [ 104.312928175656452, 48.095471527814077 ], [ 104.310257187934553, 48.096336638582351 ], [ 104.30672551963211, 48.096715629502228 ], [ 104.304433561626581, 48.097576280713319 ], [ 104.303287515819363, 48.098048900799043 ], [ 104.302431399538264, 48.097384521406511 ], [ 104.301860676442629, 48.096907425886528 ], [ 104.301383542719989, 48.096907391126848 ], [ 104.30023753754007, 48.0973845257544 ], [ 104.300045739489278, 48.098717761163428 ], [ 104.300237582804129, 48.099293034918659 ], [ 104.301477171085054, 48.100242813449491 ], [ 104.301570790485542, 48.10119703700866 ], [ 104.3008082620116, 48.101865917251331 ], [ 104.300429311328799, 48.102249362796535 ], [ 104.299952189545451, 48.102824593292006 ], [ 104.299952166524193, 48.103680766555648 ], [ 104.299760460721899, 48.105205781981731 ], [ 104.299475050606873, 48.105589292337847 ], [ 104.299854096806328, 48.107212365357391 ], [ 104.301477206196864, 48.109504372776641 ], [ 104.302716751845182, 48.112077246177805 ], [ 104.302716798108861, 48.114177501189772 ], [ 104.302239707781993, 48.115421559099723 ], [ 104.301477205255509, 48.116469467586882 ], [ 104.300808339121645, 48.117709111469935 ], [ 104.301285448642091, 48.118377998591519 ], [ 104.302908506629663, 48.119425823518597 ], [ 104.304241781732799, 48.119711207837952 ], [ 104.305766884217491, 48.120473772197379 ], [ 104.305766873401041, 48.121909598401032 ], [ 104.305766832987288, 48.123434595855571 ], [ 104.305766814296192, 48.124674227481968 ], [ 104.3072026261991, 48.127059868021611 ], [ 104.308250553129596, 48.128682947038321 ], [ 104.308727687032899, 48.130591432056498 ], [ 104.309681957385365, 48.133739580382027 ], [ 104.309396562574804, 48.135554406422109 ], [ 104.308727670057891, 48.135933483079853 ], [ 104.307010898049896, 48.136508706864596 ], [ 104.305294182527959, 48.136985776931283 ], [ 104.303577409325285, 48.138033696822134 ], [ 104.301954323150639, 48.139942180229433 ], [ 104.301570796848239, 48.14127987162761 ], [ 104.301762568242125, 48.142421442512045 ], [ 104.30262313966405, 48.143473814392713 ], [ 104.302047960460897, 48.145190522716298 ], [ 104.301383538966405, 48.146523790948045 ], [ 104.300331152883956, 48.149292884586018 ], [ 104.299666830370711, 48.150438900974862 ], [ 104.299087092146621, 48.151616138131025 ], [ 104.296411651545569, 48.154144413658194 ], [ 104.295421748008252, 48.154933699476629 ], [ 104.295123001735973, 48.155879027011117 ], [ 104.295122916805923, 48.156521093239554 ], [ 104.295270096986712, 48.157265800852691 ], [ 104.295666972917857, 48.157662618392287 ], [ 104.296460713947212, 48.158055047609324 ], [ 104.297896485830577, 48.158353785147838 ], [ 104.299533021195259, 48.158006028571982 ], [ 104.300866294411861, 48.156967026560146 ], [ 104.301561914541452, 48.156623649235613 ], [ 104.302306518463169, 48.156521113868031 ], [ 104.303198417075947, 48.156721759863913 ], [ 104.303639858669996, 48.157216710658616 ], [ 104.303688910255971, 48.157907888364093 ], [ 104.30368884014085, 48.158603520167581 ], [ 104.303889582304393, 48.160636849847393 ], [ 104.3037870179636, 48.161872069458362 ], [ 104.303296472916756, 48.162763882293355 ], [ 104.302502775219537, 48.163459483884949 ], [ 104.301610965951625, 48.164146163948587 ], [ 104.301709095906531, 48.165042483086523 ], [ 104.302600871879761, 48.165537408547245 ], [ 104.30408573389812, 48.166629859773614 ], [ 104.304879457856003, 48.167914114182146 ], [ 104.305178193612136, 48.169697789271297 ], [ 104.305575050432921, 48.170589545602134 ], [ 104.305771300737732, 48.170785799704497 ], [ 104.30715806966181, 48.171280705042442 ], [ 104.309039770199789, 48.171280748075347 ], [ 104.310426604651951, 48.172172538330038 ], [ 104.310725300888009, 48.173166918030041 ], [ 104.30983357770026, 48.173657466547475 ], [ 104.308348651404032, 48.17425492052822 ], [ 104.307751119003271, 48.174549238935811 ], [ 104.307354297050239, 48.175146813074818 ], [ 104.307653026994686, 48.175739809002955 ], [ 104.307554907449742, 48.177028525102841 ], [ 104.306761233286025, 48.178018437163701 ], [ 104.305178268548616, 48.180297049014158 ], [ 104.305080097259363, 48.180890100466058 ], [ 104.305276386958909, 48.182477556607083 ], [ 104.305080146513745, 48.18396241991239 ], [ 104.303786969207522, 48.18525112671658 ], [ 104.302306545748891, 48.186735990395981 ], [ 104.30170903863926, 48.187725923449882 ], [ 104.301709010930793, 48.188519602837793 ], [ 104.302204002036135, 48.189803813931526 ], [ 104.303688890447901, 48.191097012900784 ], [ 104.304977553278263, 48.192577406903602 ], [ 104.305771331353967, 48.193669904276149 ], [ 104.305080116061902, 48.195159193040631 ], [ 104.303198351748236, 48.197036519418369 ], [ 104.302007814231303, 48.199216988815756 ], [ 104.300719108333467, 48.201000672668656 ], [ 104.299729189521628, 48.202186764672277 ], [ 104.298935492109266, 48.202686198470964 ], [ 104.29705817364875, 48.202980521114362 ], [ 104.295172003785098, 48.202882358542681 ], [ 104.293192164546838, 48.202289356154424 ], [ 104.29150668027205, 48.200804461599567 ], [ 104.29032053574106, 48.199216998661036 ], [ 104.289428698127566, 48.197932762145193 ], [ 104.287546981010038, 48.197535938885551 ], [ 104.285464498809631, 48.198030876246634 ], [ 104.283382117669419, 48.197830204770881 ], [ 104.281897288655415, 48.199118877168544 ], [ 104.280809191525535, 48.200706325144019 ], [ 104.280113597152507, 48.201892490201985 ], [ 104.279819324040758, 48.203279272318568 ], [ 104.27981930390726, 48.204960357599866 ], [ 104.280216144256528, 48.206944632622829 ], [ 104.280613047700371, 48.207640270336434 ], [ 104.28199539729593, 48.209022553462638 ], [ 104.282490289643249, 48.209223261701887 ], [ 104.284768911982397, 48.209522022384789 ], [ 104.288037450928172, 48.209223212188476 ], [ 104.290222455468523, 48.209022574535936 ], [ 104.292099683401133, 48.209419450811332 ], [ 104.292300376979938, 48.210511884842212 ], [ 104.291306014954216, 48.211301195103076 ], [ 104.289326098765784, 48.211399244496505 ], [ 104.285263846035832, 48.211898689642751 ], [ 104.283484709195051, 48.212192974839454 ], [ 104.283087875862108, 48.212790488586997 ], [ 104.283087875514966, 48.213981070918337 ], [ 104.284278362962496, 48.214569679702365 ], [ 104.285959553428427, 48.214672281638819 ], [ 104.287939342865627, 48.215069094067253 ], [ 104.288831216017883, 48.215760272831268 ], [ 104.2901198774086, 48.217445810539751 ], [ 104.291702789742118, 48.218435719653812 ], [ 104.293490912228719, 48.218930700434441 ], [ 104.295765056966331, 48.219327579960542 ], [ 104.298342451111395, 48.219327559975312 ], [ 104.300817190334513, 48.219229435687666 ], [ 104.303987606147729, 48.219229447018201 ], [ 104.305673155889892, 48.218930722948656 ], [ 104.307256181623302, 48.218930714288547 ], [ 104.309436679044722, 48.219028818977925 ], [ 104.310921570429514, 48.219822497921747 ], [ 104.312508985404179, 48.221008595475794 ], [ 104.313200112079343, 48.222399869848466 ], [ 104.312905884155285, 48.223389757848594 ], [ 104.312312817877768, 48.224379746616982 ], [ 104.312410889525466, 48.225369661491541 ], [ 104.313396321873029, 48.2259671268937 ], [ 104.316468645934322, 48.227349495550321 ], [ 104.319380400825779, 48.228236812261137 ], [ 104.321855260827647, 48.228789736312621 ], [ 104.323839565050434, 48.229775258235264 ], [ 104.325270975983017, 48.230876624198082 ], [ 104.325600925619113, 48.231924488164658 ], [ 104.326069082197009, 48.233717086057631 ], [ 104.327255227618693, 48.235228694393882 ], [ 104.329123645167911, 48.23621861594534 ], [ 104.33095183454094, 48.236722477968065 ], [ 104.332713155892009, 48.237556392604397 ], [ 104.335232573350183, 48.238702341517239 ], [ 104.33804184691418, 48.240017787040514 ], [ 104.340971482639688, 48.241096881217608 ], [ 104.343499694594243, 48.241832635897438 ], [ 104.345970066965037, 48.24315697545557 ], [ 104.347842897514425, 48.244039879873 ], [ 104.3483423285507, 48.245025330342784 ], [ 104.348502814596529, 48.246349720416305 ], [ 104.348061394154129, 48.247781085815625 ], [ 104.34657651599764, 48.249323914948192 ], [ 104.346135034516422, 48.25026032070533 ], [ 104.346300055824344, 48.251085272949013 ], [ 104.346688011688514, 48.252240174760267 ], [ 104.34811942198283, 48.252735144892917 ], [ 104.349880771168287, 48.252681650535209 ], [ 104.351700043788355, 48.252463136092409 ], [ 104.353126926031422, 48.252186673028653 ], [ 104.354339825425299, 48.252186703712361 ], [ 104.355592807492741, 48.252637003822244 ], [ 104.356582775505856, 48.253207771360991 ], [ 104.357920451292301, 48.253729519684974 ], [ 104.359418738957942, 48.254046149502393 ], [ 104.360805517214416, 48.254157616410666 ], [ 104.361496656495873, 48.254277956713494 ], [ 104.361991595008277, 48.254607938792084 ], [ 104.362544562651394, 48.255160880147166 ], [ 104.362941419654561, 48.255553254688472 ], [ 104.363543370190783, 48.256690332433166 ], [ 104.364684883603971, 48.25767136281398 ], [ 104.365955761324457, 48.258683614571517 ], [ 104.367199887140828, 48.259276616083071 ], [ 104.368729301476705, 48.260003447653425 ], [ 104.369701460846244, 48.260774919484646 ], [ 104.369647972300783, 48.261492837268968 ], [ 104.368987997273877, 48.262317713425169 ], [ 104.368163044022879, 48.263802636809984 ], [ 104.368051559686108, 48.265456956134031 ], [ 104.368381539459435, 48.267218332252959 ], [ 104.369041483377529, 48.268868161036934 ], [ 104.370361333637902, 48.269974014961676 ], [ 104.371355766944703, 48.270906007322793 ], [ 104.371681239742188, 48.271788878660153 ], [ 104.371520741379086, 48.272667331035109 ], [ 104.370584302315621, 48.273385209514537 ], [ 104.370584334046697, 48.274486627855971 ], [ 104.37091430781976, 48.275971510845693 ], [ 104.371132792331068, 48.27762585594229 ], [ 104.371792774868254, 48.278669265282623 ], [ 104.373170627696737, 48.27960565624268 ], [ 104.3748205126454, 48.280265646184326 ], [ 104.37625186845186, 48.280979115988785 ], [ 104.377134751629754, 48.281313513536929 ], [ 104.378704320017917, 48.281585514568718 ], [ 104.3793375100893, 48.281367007463146 ], [ 104.380657414688343, 48.280872064314018 ], [ 104.381870371140423, 48.28070710868375 ], [ 104.383025153272655, 48.280582195852887 ], [ 104.383903680787753, 48.281148493397929 ], [ 104.384844504148404, 48.281367048997737 ], [ 104.385945865315776, 48.281643467318808 ], [ 104.387600244094884, 48.281643525101103 ], [ 104.389477567519222, 48.281639031443632 ], [ 104.392937820311772, 48.281367056460788 ], [ 104.394788300609932, 48.281567675315394 ], [ 104.396019085527826, 48.281469616471476 ], [ 104.397633279497825, 48.281888762841461 ], [ 104.398881756730219, 48.283128336847824 ], [ 104.400531619040862, 48.28401125905048 ], [ 104.4017445378351, 48.284617669365794 ], [ 104.402132442989654, 48.285496137225472 ], [ 104.40213249748065, 48.286379031931823 ], [ 104.401637561649153, 48.287150494376291 ], [ 104.401414490057121, 48.287975395482569 ], [ 104.401249601913875, 48.289241807261966 ], [ 104.400866124533621, 48.290066719139091 ], [ 104.399871682548664, 48.290454697876037 ], [ 104.399158234593543, 48.290726713014251 ], [ 104.398774748954537, 48.29155605596408 ], [ 104.398993286120941, 48.292822430498255 ], [ 104.399265287592272, 48.293807895400015 ], [ 104.399599671157873, 48.294690790306539 ], [ 104.398993283773478, 48.296015198812562 ], [ 104.398052431073268, 48.296648378170111 ], [ 104.396625481061292, 48.296840094597201 ], [ 104.395466102482487, 48.296786611046976 ], [ 104.393379257531834, 48.296452168222025 ], [ 104.3918363576921, 48.296291621679977 ], [ 104.391006948004758, 48.296675104710587 ], [ 104.390681441291505, 48.297446520146934 ], [ 104.39122991920145, 48.297995013245504 ], [ 104.391778411840235, 48.299042920471237 ], [ 104.39205937808488, 48.299756391403207 ], [ 104.392331322497213, 48.300911261776129 ], [ 104.393156268386534, 48.301517720169848 ], [ 104.394204123403554, 48.301905624933426 ], [ 104.395479449541099, 48.301673771256013 ], [ 104.397508399533521, 48.301740685512954 ], [ 104.398917467023637, 48.30204386283048 ], [ 104.401031035246163, 48.302730571835298 ], [ 104.401584048480771, 48.303390541215599 ], [ 104.401414539618813, 48.304215441867356 ], [ 104.401196061073762, 48.305098347602957 ], [ 104.401196083243519, 48.306146275909676 ], [ 104.40163751271001, 48.307301171153341 ], [ 104.402462439894833, 48.307689101932993 ], [ 104.403621762520316, 48.30754642687954 ], [ 104.404500213972952, 48.307519639555601 ], [ 104.40560611229931, 48.307559805221537 ], [ 104.406703036265924, 48.307849621375681 ], [ 104.407420982382916, 48.308014606178226 ], [ 104.407581443779989, 48.308536327896682 ], [ 104.40757704813258, 48.309334518613475 ], [ 104.406774378511471, 48.309860656365949 ], [ 104.405766604225192, 48.310328925316242 ], [ 104.404781204455148, 48.310649932933394 ], [ 104.40331409492299, 48.311078000704306 ], [ 104.402462441788003, 48.311430268740089 ], [ 104.401797995499734, 48.312420218764984 ], [ 104.401583986719913, 48.313138104943214 ], [ 104.402297426796224, 48.314292995907429 ], [ 104.402957346644129, 48.315505875572647 ], [ 104.403452307523366, 48.316549314442135 ], [ 104.403947361985658, 48.317650730941367 ], [ 104.405490138923426, 48.318533620930474 ], [ 104.407420965495959, 48.31930507396077 ], [ 104.408352898368875, 48.320571440103961 ], [ 104.408794371636461, 48.322332780113591 ], [ 104.409347339568214, 48.324094156228121 ], [ 104.409672781295882, 48.32590899681793 ], [ 104.409400771906647, 48.327233374529307 ], [ 104.408410936334647, 48.32878512728314 ], [ 104.407581452595622, 48.330261105244787 ], [ 104.406538041088325, 48.331473937566514 ], [ 104.405383096924496, 48.332294414686658 ], [ 104.404718684059276, 48.33317729408116 ], [ 104.405030853176228, 48.334421398933237 ], [ 104.405811194935339, 48.335571889802566 ], [ 104.407260461395609, 48.336642036757738 ], [ 104.40977535223395, 48.336744564875026 ], [ 104.412299180611086, 48.336401227254051 ], [ 104.414559940343693, 48.335620891347077 ], [ 104.416027019659154, 48.335094763547183 ], [ 104.418292288249361, 48.333868500473137 ], [ 104.419763717764837, 48.332553077495646 ], [ 104.421730229761167, 48.331982282411552 ], [ 104.423210648507123, 48.332539667896427 ], [ 104.423999831771241, 48.332900830857419 ], [ 104.42404894701879, 48.333569695153287 ], [ 104.423326626170521, 48.334144967892087 ], [ 104.421747998330048, 48.334434774570589 ], [ 104.42011604106969, 48.334724614163058 ], [ 104.418631090053566, 48.335152705080638 ], [ 104.417957864653388, 48.335678904694305 ], [ 104.417859665946352, 48.336543914391754 ], [ 104.418675733045959, 48.337359981154904 ], [ 104.419830638676785, 48.337935211608169 ], [ 104.420593178256354, 48.33846132678832 ], [ 104.423085750891346, 48.339183717469837 ], [ 104.424864909596664, 48.339420041469118 ], [ 104.42634987629458, 48.339518150910578 ], [ 104.42687603965237, 48.339469099425266 ], [ 104.427500309179166, 48.339228322115297 ], [ 104.428360877103984, 48.338751221742214 ], [ 104.429368602653298, 48.338702116907051 ], [ 104.430282722497822, 48.33879578460958 ], [ 104.430996170407838, 48.339420053405313 ], [ 104.431763210804618, 48.339995319648359 ], [ 104.432338396921821, 48.340236097769242 ], [ 104.432967179176785, 48.340093388748208 ], [ 104.434019470624989, 48.339370997081446 ], [ 104.435317036520388, 48.338461347807822 ], [ 104.436222321912368, 48.338175977315693 ], [ 104.437461893918694, 48.338207171954458 ], [ 104.438144120501264, 48.338510392223611 ], [ 104.438384958014694, 48.338844815995124 ], [ 104.438237824954413, 48.339321939643902 ], [ 104.437711635948006, 48.34009342243673 ], [ 104.436802012680673, 48.340811289228959 ], [ 104.435985981304881, 48.341671933152952 ], [ 104.435361731408022, 48.342586020316126 ], [ 104.435268050461119, 48.343402012496746 ], [ 104.435508809536174, 48.344119979949056 ], [ 104.435985934855935, 48.344548009361169 ], [ 104.436659292554822, 48.344837898668743 ], [ 104.437618030991203, 48.344984999535868 ], [ 104.439111832021922, 48.345109880001836 ], [ 104.441069332387812, 48.345029617664125 ], [ 104.442505173396057, 48.344548047251251 ], [ 104.443611008807579, 48.343977288059499 ], [ 104.444328960942158, 48.343210304123879 ], [ 104.444761465395629, 48.342438840404881 ], [ 104.444378035372011, 48.340766723333971 ], [ 104.444377946620264, 48.340285110360732 ], [ 104.444761466154176, 48.339518164608279 ], [ 104.446246367318722, 48.338702177271138 ], [ 104.447445794706184, 48.338702142293023 ], [ 104.448453635394543, 48.338702151948226 ], [ 104.449505957907192, 48.339036612497701 ], [ 104.450272860849736, 48.339321952555331 ], [ 104.450754549732991, 48.340285133750584 ], [ 104.451280691374393, 48.341003027492683 ], [ 104.451806831585401, 48.341480147367399 ], [ 104.45243109157461, 48.34177000528134 ], [ 104.453149037120568, 48.342202545763136 ], [ 104.453915956526814, 48.342586033551221 ], [ 104.454112164150445, 48.343254870317473 ], [ 104.454205854262852, 48.344169015075074 ], [ 104.454589350798173, 48.344935967177932 ], [ 104.455017360059983, 48.345604824698768 ], [ 104.456025134805856, 48.346469940988172 ], [ 104.456890223945962, 48.347138770991677 ], [ 104.456939307198752, 48.34790571329399 ], [ 104.456988290973456, 48.348672679338037 ], [ 104.457416409855014, 48.349537736534259 ], [ 104.458040644647298, 48.350496441584106 ], [ 104.459338239503452, 48.351985819957235 ], [ 104.460439699386015, 48.352989080047351 ], [ 104.461157614885153, 48.353947807225182 ], [ 104.461398418316634, 48.355102718818017 ], [ 104.461447371158812, 48.356204089667258 ], [ 104.460965809260443, 48.357256449431191 ], [ 104.460247865551722, 48.358888476475059 ], [ 104.459476468128884, 48.359989872525318 ], [ 104.458999374017068, 48.360614185000209 ], [ 104.459048419660959, 48.361332080580446 ], [ 104.459048387016722, 48.362005390920572 ], [ 104.458615853885789, 48.362865984761861 ], [ 104.458522263883495, 48.363633011096859 ], [ 104.458807591206806, 48.364498039406833 ], [ 104.459142112093161, 48.365456760902042 ], [ 104.4592892017819, 48.366366398435929 ], [ 104.459191164480004, 48.367182442410723 ], [ 104.458763025269903, 48.367949404208773 ], [ 104.458763074535781, 48.369099863749852 ], [ 104.458763046793933, 48.369866806240239 ], [ 104.458905769376656, 48.370633739737279 ], [ 104.459382871581326, 48.371258038395844 ], [ 104.459717279491827, 48.372216744345415 ], [ 104.460198824893794, 48.37389783231805 ], [ 104.461541054254127, 48.375190994136162 ], [ 104.463097345171107, 48.375989173993823 ], [ 104.465233250528101, 48.376773949029555 ], [ 104.467922021058413, 48.378018037580013 ], [ 104.46974136204426, 48.378303450397908 ], [ 104.471850518810129, 48.378735935602066 ], [ 104.473192701299226, 48.378450555443322 ], [ 104.474534947461208, 48.37801805654739 ], [ 104.476501377925956, 48.376720414275326 ], [ 104.478418752541145, 48.376533188448569 ], [ 104.479716337444287, 48.376149713236465 ], [ 104.48110310005309, 48.375480809598159 ], [ 104.481968217354478, 48.374276844054393 ], [ 104.482592515556917, 48.373657074368069 ], [ 104.483600252715803, 48.373077324470749 ], [ 104.48522777698021, 48.372408508641463 ], [ 104.486427350435491, 48.371356126459759 ], [ 104.486717116157351, 48.370058563265481 ], [ 104.4861374660086, 48.367904824431854 ], [ 104.485513229654799, 48.366656229673374 ], [ 104.485276819709995, 48.365693062927299 ], [ 104.48575400583681, 48.364547089172071 ], [ 104.48632918511781, 48.363780100384076 ], [ 104.486186504971045, 48.362723314452353 ], [ 104.485740649553861, 48.361764638466731 ], [ 104.48494242666635, 48.361042280291763 ], [ 104.483738422590662, 48.36051607789571 ], [ 104.482784229817739, 48.35956181887525 ], [ 104.480385248546781, 48.357497288561518 ], [ 104.478753184456821, 48.356395884026988 ], [ 104.478084304276166, 48.355628872648317 ], [ 104.47779450416607, 48.35500465014357 ], [ 104.476933864616271, 48.354621160439642 ], [ 104.475975226717878, 48.35471478111976 ], [ 104.475016519925418, 48.354955588874901 ], [ 104.474294064699791, 48.355481761788404 ], [ 104.47343351942834, 48.356155035361944 ], [ 104.473045564071285, 48.357256458139368 ], [ 104.472907357136819, 48.357978835966847 ], [ 104.472278584162382, 48.358121564655065 ], [ 104.471899586242429, 48.357639930614383 ], [ 104.471658765978646, 48.357211896259976 ], [ 104.471944102749603, 48.356342360814594 ], [ 104.472091327228043, 48.355575355479353 ], [ 104.472666538084027, 48.35476383590504 ], [ 104.473433490445544, 48.353805106093603 ], [ 104.473674252505063, 48.352561065554781 ], [ 104.474918401305828, 48.351312461019127 ], [ 104.476309665791078, 48.349537776862441 ], [ 104.478659584979923, 48.347812060891293 ], [ 104.481535670451478, 48.346086408184235 ], [ 104.482971552835323, 48.344886918209738 ], [ 104.48406396591011, 48.343816755506133 ], [ 104.484942406879554, 48.34373644723572 ], [ 104.48532145289208, 48.344168986475253 ], [ 104.485178795140698, 48.344984998456198 ], [ 104.485036051222508, 48.346131012893586 ], [ 104.485080692262969, 48.347138769662521 ], [ 104.485562254448098, 48.347664974028305 ], [ 104.486427320470924, 48.348052898987724 ], [ 104.487457330516989, 48.348779712693329 ], [ 104.488514172799952, 48.349582385416817 ], [ 104.489544240047692, 48.350402791877571 ], [ 104.49026211495115, 48.351504202711851 ], [ 104.490453862069316, 48.353087226156312 ], [ 104.489834044809953, 48.35399685591188 ], [ 104.489067050489609, 48.354906505508708 ], [ 104.488393738100498, 48.355339021831483 ], [ 104.488103927994615, 48.355914264221383 ], [ 104.488393770433959, 48.356730268067601 ], [ 104.489013588633696, 48.35749726242264 ], [ 104.48954423517398, 48.358313306626094 ], [ 104.489446101922567, 48.35893312163126 ], [ 104.489013616615793, 48.359700017800442 ], [ 104.488246609239027, 48.361238430070053 ], [ 104.487845307106525, 48.362393343153052 ], [ 104.488295617545035, 48.363971862160071 ], [ 104.488826269204566, 48.364926144389663 ], [ 104.489735952798284, 48.365933890923671 ], [ 104.490739296796718, 48.366700832612075 ], [ 104.491845107675687, 48.367516861926205 ], [ 104.492710182929258, 48.368239252337212 ], [ 104.493619829299604, 48.368716394043105 ], [ 104.49433771092896, 48.369144417444474 ], [ 104.495439187719796, 48.369581393513542 ], [ 104.496638632042476, 48.369773161763135 ], [ 104.49831525343177, 48.370058580515945 ], [ 104.499853654250131, 48.370589152811149 ], [ 104.500812384744521, 48.370633787288902 ], [ 104.503951559811682, 48.371035107767526 ], [ 104.505935886692271, 48.371748515410459 ], [ 104.507121979275226, 48.372372848862746 ], [ 104.507505448431189, 48.373612459629094 ], [ 104.507041771202836, 48.374758438838001 ], [ 104.505605883773043, 48.37495021319782 ], [ 104.504072015745848, 48.374660342637831 ], [ 104.503162330155718, 48.37470935106186 ], [ 104.502439922708135, 48.374758465428378 ], [ 104.502181330836478, 48.375619015209331 ], [ 104.502105487229585, 48.376051560163923 ], [ 104.502533546535119, 48.376533155276157 ], [ 104.503447726865247, 48.376916647905922 ], [ 104.504549045577775, 48.377875322045043 ], [ 104.505173367907418, 48.378356896633747 ], [ 104.506225692683984, 48.378883117105161 ], [ 104.5070416965399, 48.379217515749126 ], [ 104.507313766586805, 48.379797196793412 ], [ 104.507380586562121, 48.380604303018245 ], [ 104.507041739317657, 48.381041309486285 ], [ 104.506225745772056, 48.38161204747373 ], [ 104.505891338611377, 48.382575252593597 ], [ 104.50589131519267, 48.383435828610565 ], [ 104.506466475494037, 48.384296439190955 ], [ 104.506858925987856, 48.385362171613167 ], [ 104.507282533009302, 48.386026602913603 ], [ 104.507331563533484, 48.387078898093037 ], [ 104.507099709458828, 48.388100067032482 ], [ 104.507139795603649, 48.388809065328019 ], [ 104.507353811441448, 48.38951803576505 ], [ 104.508098553717943, 48.390195828779383 ], [ 104.50876735954634, 48.390392055703373 ], [ 104.509467451168973, 48.390320679215755 ], [ 104.510930049533897, 48.389972925772348 ], [ 104.512258826233875, 48.389714250607767 ], [ 104.512522013794992, 48.390155741756175 ], [ 104.512700351260506, 48.39048571622358 ], [ 104.512321244284408, 48.390820098690554 ], [ 104.511505278883007, 48.390962816682439 ], [ 104.510399398885042, 48.390962836494928 ], [ 104.50939172288011, 48.390962819488593 ], [ 104.508575719932466, 48.391203615636876 ], [ 104.508000454824867, 48.391636097523595 ], [ 104.508000415095566, 48.392354030126128 ], [ 104.508432970704789, 48.393121021523079 ], [ 104.509204381882725, 48.394035168435174 ], [ 104.510256691535986, 48.394654918860148 ], [ 104.510974674303412, 48.395279230859551 ], [ 104.511692576565991, 48.39595253322036 ], [ 104.511839745273477, 48.396813154312937 ], [ 104.512414930279718, 48.397624692037901 ], [ 104.51318188720245, 48.398061680434495 ], [ 104.513904242179308, 48.398293565692825 ], [ 104.514858542312183, 48.398347069700208 ], [ 104.516298772575979, 48.39849420722107 ], [ 104.517444831686475, 48.398873272155406 ], [ 104.518840509613185, 48.399305755080171 ], [ 104.519843842910134, 48.399738298240678 ], [ 104.520708839382522, 48.400456229560312 ], [ 104.521431290873622, 48.401945566198172 ], [ 104.522006434846432, 48.403046942312685 ], [ 104.522006456832244, 48.404340098235188 ], [ 104.522144742894412, 48.405441490789222 ], [ 104.522773474524271, 48.406975448132776 ], [ 104.523366525456154, 48.407969811107762 ], [ 104.524160229967208, 48.409040016432648 ], [ 104.524784514878348, 48.409855982426301 ], [ 104.526175724477469, 48.410480305833325 ], [ 104.527419831545402, 48.410765684211057 ], [ 104.528570299340657, 48.410765656312478 ], [ 104.53001053622036, 48.410426767862852 ], [ 104.531210096330696, 48.410190450679629 ], [ 104.532793019668077, 48.409954162293886 ], [ 104.533702666267658, 48.410306389106161 ], [ 104.53451869889264, 48.410573923710345 ], [ 104.534884375438068, 48.411282959315457 ], [ 104.535044843270825, 48.412304053848743 ], [ 104.534705934728308, 48.412830219312987 ], [ 104.533466402494071, 48.413017519146415 ], [ 104.532119696830748, 48.41345003209554 ], [ 104.531495419936789, 48.414217058213964 ], [ 104.531352789195481, 48.41531842523618 ], [ 104.531642602727203, 48.415991719780415 ], [ 104.532182166146427, 48.416486672434935 ], [ 104.533559993721965, 48.416807795727109 ], [ 104.534804065426286, 48.416901370671695 ], [ 104.536003588734332, 48.417289362565974 ], [ 104.536819624395093, 48.417668383333258 ], [ 104.537729291974117, 48.418297062852901 ], [ 104.538830656556698, 48.418965930932217 ], [ 104.539553071437837, 48.419541181504712 ], [ 104.539793845439291, 48.420548912621157 ], [ 104.539504006794417, 48.421266881125796 ], [ 104.538879700120049, 48.421793020746065 ], [ 104.537296754470546, 48.421935750642767 ], [ 104.535236652510406, 48.422368238697175 ], [ 104.533412901439647, 48.422849840232224 ], [ 104.532262379505227, 48.423425076624341 ], [ 104.531687187666094, 48.424142973714929 ], [ 104.531544506111032, 48.424816266693099 ], [ 104.531829879623189, 48.425725945038046 ], [ 104.532694910217202, 48.426301163298781 ], [ 104.533363807412826, 48.426586589223064 ], [ 104.534612367155319, 48.426876441624941 ], [ 104.537533037106954, 48.426760463304916 ], [ 104.539695699466705, 48.426974514088528 ], [ 104.540654414208987, 48.4275943470859 ], [ 104.540988893830317, 48.428361306902971 ], [ 104.540801610054672, 48.429511764224713 ], [ 104.541037961956292, 48.430332229449192 ], [ 104.541706753999492, 48.431001103221725 ], [ 104.542669953387474, 48.431433614979007 ], [ 104.543463637742533, 48.431553977104535 ], [ 104.545055600243586, 48.431915224574034 ], [ 104.54607220700359, 48.431959791797141 ], [ 104.546745609115533, 48.432579606533103 ], [ 104.546932799469957, 48.433587337700331 ], [ 104.546888319197606, 48.43536209933778 ], [ 104.546214958964441, 48.436325280805299 ], [ 104.544587413628122, 48.437377599355514 ], [ 104.542281966839184, 48.438528014761282 ], [ 104.541136023820258, 48.439201382145328 ], [ 104.540654467696697, 48.439870198504224 ], [ 104.540752486043075, 48.440686228592952 ], [ 104.541327723737709, 48.441310495545594 ], [ 104.542045644716652, 48.441689580010113 ], [ 104.542861670152647, 48.441930367056607 ], [ 104.543628647622299, 48.441836733906783 ], [ 104.545019897815592, 48.441453229726712 ], [ 104.546553801191905, 48.441163379722113 ], [ 104.547414378622875, 48.441261448169719 ], [ 104.548275050927316, 48.441644987013795 ], [ 104.548707541150577, 48.44197941822415 ], [ 104.548662984357279, 48.442987149609714 ], [ 104.547896052046426, 48.443562399697804 ], [ 104.546362126855186, 48.443847760753727 ], [ 104.545019876136109, 48.444235717775207 ], [ 104.544444702290335, 48.444806483576023 ], [ 104.544297564420361, 48.445671519865371 ], [ 104.544631951662325, 48.44643852654373 ], [ 104.545305218452413, 48.446964630597584 ], [ 104.546241706190045, 48.447473021263264 ], [ 104.547566078104509, 48.447834172875623 ], [ 104.548275072681875, 48.448164161083625 ], [ 104.548377549926911, 48.448645744761798 ], [ 104.548087710553034, 48.449314603935022 ], [ 104.547271770996147, 48.450032481950778 ], [ 104.546362063375113, 48.45017969648962 ], [ 104.544970830419501, 48.449796223069292 ], [ 104.543436923389507, 48.449461772630443 ], [ 104.542045671912888, 48.449412671783357 ], [ 104.541037970039895, 48.450032537595277 ], [ 104.540320014416622, 48.450705835622507 ], [ 104.540030140701134, 48.452048016582729 ], [ 104.539985568445218, 48.453055827540446 ], [ 104.540172819642152, 48.454589732749568 ], [ 104.540413614915607, 48.455164936231931 ], [ 104.540988860016881, 48.455410207871388 ], [ 104.541996673287983, 48.455740187815792 ], [ 104.543147023084956, 48.455695579466806 ], [ 104.544154880936574, 48.45516497149459 ], [ 104.54524282501778, 48.455249713115599 ], [ 104.545639662471928, 48.455695550643327 ], [ 104.545354318782103, 48.456747920548018 ], [ 104.545113512582532, 48.458183741104094 ], [ 104.545019858469772, 48.459146942036078 ], [ 104.544489249918811, 48.459766740422154 ], [ 104.543771405579534, 48.460872615924458 ], [ 104.543102545943725, 48.461639592361252 ], [ 104.54257183086898, 48.462790048947788 ], [ 104.542763560024582, 48.463606040271223 ], [ 104.543147068252949, 48.464279341460518 ], [ 104.543147065760863, 48.46494372921304 ], [ 104.542910685829497, 48.465666118165466 ], [ 104.543004450155038, 48.466241382239559 ], [ 104.543579576700196, 48.466914721869934 ], [ 104.544252926271255, 48.467249086453677 ], [ 104.545113584562074, 48.467342758105943 ], [ 104.546469082265787, 48.46718220122083 ], [ 104.547080026033782, 48.467249088842152 ], [ 104.547508070531791, 48.467775323792544 ], [ 104.547846919813864, 48.468591285375211 ], [ 104.5473208073319, 48.469166552259502 ], [ 104.546504758740426, 48.469884417025028 ], [ 104.545978600484247, 48.470745019948687 ], [ 104.546264016283615, 48.47122660352715 ], [ 104.54712906636766, 48.471993612294916 ], [ 104.548011944186882, 48.472666930597647 ], [ 104.54933183333462, 48.473960070037549 ], [ 104.549764357855508, 48.474677949996092 ], [ 104.550723149746901, 48.475302271624372 ], [ 104.552065298944726, 48.475832902083589 ], [ 104.553122052820484, 48.476359032407004 ], [ 104.553313806173279, 48.47702792101223 ], [ 104.55288125810641, 48.477794855911704 ], [ 104.552114272406385, 48.478374563868535 ], [ 104.550914798009998, 48.478994414317363 ], [ 104.55043772159118, 48.479667739207009 ], [ 104.550245937963453, 48.480724487179884 ], [ 104.549621656444401, 48.481678737662847 ], [ 104.549331835633879, 48.482543817506567 ], [ 104.549514711143132, 48.483279572635531 ], [ 104.550571451079833, 48.483988584154154 ], [ 104.551057525376407, 48.484603923591635 ], [ 104.55120467939166, 48.485277260765002 ], [ 104.550865806476423, 48.485803424596369 ], [ 104.549670780401769, 48.486186939205638 ], [ 104.548515785468808, 48.486664030856822 ], [ 104.547508112235803, 48.487337386767635 ], [ 104.546696514150824, 48.488300499205501 ], [ 104.545158105431426, 48.488773204387648 ], [ 104.543722336286493, 48.489013992666287 ], [ 104.541853972834701, 48.488826680871654 ], [ 104.539744767137918, 48.488679531287524 ], [ 104.53772922091224, 48.488871276260717 ], [ 104.535762801120939, 48.489401964202422 ], [ 104.534327005697961, 48.489352852931141 ], [ 104.533510942724362, 48.488871293484237 ], [ 104.533029389676585, 48.488300518891201 ], [ 104.533123034550599, 48.487274949045599 ], [ 104.533078429833509, 48.486570416067522 ], [ 104.532886659143657, 48.486044227663974 ], [ 104.532119664275285, 48.485709788145833 ], [ 104.530585745120263, 48.485562619024208 ], [ 104.529145458316577, 48.485709803263212 ], [ 104.528427599751325, 48.486186887885722 ], [ 104.527611593605585, 48.486713113959823 ], [ 104.526893681671453, 48.487720816546449 ], [ 104.526416497622165, 48.488536842744956 ], [ 104.525694194898122, 48.488871287350563 ], [ 104.524160211894767, 48.489642690874724 ], [ 104.523919477597033, 48.490070801450216 ], [ 104.523874793798583, 48.490650484815205 ], [ 104.524017513969468, 48.491363934669195 ], [ 104.523919391004398, 48.492371663986447 ], [ 104.523393286738738, 48.49323677829171 ], [ 104.522626251852898, 48.49371388194723 ], [ 104.521859291931719, 48.493762946402356 ], [ 104.520949648546591, 48.493379427632959 ], [ 104.520276335263674, 48.492897853721722 ], [ 104.519223998433148, 48.492037221212755 ], [ 104.518407999051519, 48.491462007116723 ], [ 104.517257496644262, 48.491462056281144 ], [ 104.51586628395755, 48.491702819293202 ], [ 104.514907557058393, 48.492229012306964 ], [ 104.514140652429788, 48.492946894471991 ], [ 104.513899859551174, 48.49386103457779 ], [ 104.514430432802513, 48.494529906262102 ], [ 104.515291033867527, 48.494913396771992 ], [ 104.516584225520816, 48.49558669780447 ], [ 104.517547402557156, 48.496161908853892 ], [ 104.518501607998587, 48.496545436492937 ], [ 104.518648791246065, 48.49707154525727 ], [ 104.518118153106116, 48.497744897280647 ], [ 104.517400230531322, 48.498222062252125 ], [ 104.516967678078373, 48.498988972134015 ], [ 104.516918653442445, 48.49980497686871 ], [ 104.517351128078687, 48.500522901624322 ], [ 104.517832735665749, 48.50119627839986 ], [ 104.518742449473521, 48.501816047137709 ], [ 104.519750161262834, 48.502248591898969 ], [ 104.520468026970818, 48.50287284813141 ], [ 104.521136933106391, 48.50359079867178 ], [ 104.521136952012895, 48.504647582129166 ], [ 104.520998732098789, 48.50603880321124 ], [ 104.520561753012188, 48.507430054525805 ], [ 104.519892869611951, 48.50824165292881 ], [ 104.518840496774786, 48.508723244915238 ], [ 104.518167204524104, 48.509342997442033 ], [ 104.517685609524307, 48.509971770432436 ], [ 104.517444855204005, 48.510640645805488 ], [ 104.517734698091203, 48.511599312383957 ], [ 104.518550700194481, 48.512321717013137 ], [ 104.519268631365492, 48.513467688647751 ], [ 104.519553985865784, 48.514907991013914 ], [ 104.519553979662717, 48.51625014318055 ], [ 104.519027823283011, 48.517351568380548 ], [ 104.519027819877763, 48.518073975042711 ], [ 104.519460353010857, 48.518501998320595 ], [ 104.520325402384529, 48.518742839598701 ], [ 104.521475812803317, 48.518840878499823 ], [ 104.522818024485701, 48.51874283827172 ], [ 104.524160202991936, 48.518693794389563 ], [ 104.525921513881428, 48.518354839947577 ], [ 104.526996179314821, 48.517828721848119 ], [ 104.528284880056944, 48.517685991890225 ], [ 104.529435328281593, 48.518216605885002 ], [ 104.530728440908121, 48.519175332363091 ], [ 104.532119681207263, 48.519799641071081 ], [ 104.533466373289329, 48.519844189489831 ], [ 104.534277889972884, 48.519558862683986 ], [ 104.535236606164403, 48.518889934188103 ], [ 104.53634249916621, 48.517833127709444 ], [ 104.537247683328673, 48.517257958794175 ], [ 104.538304436257079, 48.517168720707986 ], [ 104.539553059143898, 48.517257906944259 ], [ 104.540511754448332, 48.517833123142012 ], [ 104.541372316725599, 48.518408349025336 ], [ 104.541853932812174, 48.519175339142429 ], [ 104.541706841499703, 48.520232175456563 ], [ 104.540939837106706, 48.52080295033047 ], [ 104.540079195016816, 48.520901020417128 ], [ 104.539026819366001, 48.520950044710595 ], [ 104.537582101955621, 48.520851937654577 ], [ 104.536721498067195, 48.521333583846115 ], [ 104.536244404226338, 48.522243234614443 ], [ 104.535954578400293, 48.523393666213856 ], [ 104.535811879812144, 48.524927601513212 ], [ 104.536146303276112, 48.526127050687435 ], [ 104.53672147753349, 48.526800383863986 ], [ 104.537537511393026, 48.527036714716523 ], [ 104.53835358052774, 48.527134866504412 ], [ 104.539695785755583, 48.527085812994834 ], [ 104.541327787198938, 48.526943099328648 ], [ 104.542429109825051, 48.526604175580779 ], [ 104.543963074020965, 48.525984404695556 ], [ 104.545113541284863, 48.525360140264077 ], [ 104.546263998740983, 48.525168374674912 ], [ 104.547655241905247, 48.525123815436508 ], [ 104.549572658020637, 48.525698976535317 ], [ 104.550723086233901, 48.526318822726545 ], [ 104.551253687783486, 48.526943066843643 ], [ 104.551253694917349, 48.527518292636167 ], [ 104.550963901580701, 48.527759104238847 ], [ 104.550005169275408, 48.527710039487395 ], [ 104.548854686885065, 48.527460355461805 ], [ 104.547401050355489, 48.526746880663495 ], [ 104.546598449111769, 48.526751331793669 ], [ 104.545737853004766, 48.526943110473994 ], [ 104.544489212130969, 48.527277501345722 ], [ 104.543436926884439, 48.527420216151548 ], [ 104.542620935459013, 48.528236234006719 ], [ 104.542045628441315, 48.529293030364187 ], [ 104.541470456573123, 48.530153659502844 ], [ 104.540895245460931, 48.530777920579006 ], [ 104.540270947095507, 48.530876039061248 ], [ 104.539646718516693, 48.530728880487992 ], [ 104.538852905186417, 48.530068908505882 ], [ 104.537662359843864, 48.529270770518579 ], [ 104.536913240142852, 48.5289541176897 ], [ 104.53595454329151, 48.528954179770281 ], [ 104.534804132109286, 48.529386718753592 ], [ 104.53399254665355, 48.530060038417673 ], [ 104.533560010321523, 48.531112381079588 ], [ 104.533363780780675, 48.532071058129844 ], [ 104.533702671373291, 48.533319584928549 ], [ 104.534518656195075, 48.533845761901631 ], [ 104.536101678232328, 48.534229298375287 ], [ 104.537296748380598, 48.534327359116446 ], [ 104.538210864503057, 48.534902629741978 ], [ 104.538402580180644, 48.535763225142063 ], [ 104.537684732508382, 48.536530192782813 ], [ 104.536627902792091, 48.537395261476611 ], [ 104.535811906151807, 48.538019515525164 ], [ 104.535811814356421, 48.538880127544417 ], [ 104.53610169616519, 48.539602504230544 ], [ 104.53696231030257, 48.54017327708933 ], [ 104.538255460602628, 48.540414014175546 ], [ 104.539553001954303, 48.540561180147471 ], [ 104.540801633602499, 48.540369464972237 ], [ 104.543289804906294, 48.53940628303841 ], [ 104.544444672436626, 48.539406267443461 ], [ 104.545305250290653, 48.53964710844658 ], [ 104.545925099206286, 48.540275795885222 ], [ 104.545688798424408, 48.54108736837081 ], [ 104.5449217808155, 48.541997053365471 ], [ 104.543628659277843, 48.542621259204509 ], [ 104.542571799518143, 48.543151899759941 ], [ 104.542143773908563, 48.543722660323077 ], [ 104.541947554639407, 48.544347001100711 ], [ 104.541755790548905, 48.545261085063565 ], [ 104.54194753493465, 48.546215319317923 ], [ 104.54209476036327, 48.546888643944925 ], [ 104.54266989089372, 48.547508460330086 ], [ 104.544012121529278, 48.548997828277187 ], [ 104.544921854148029, 48.550005576854417 ], [ 104.546121260798259, 48.550915235382746 ], [ 104.547035374635072, 48.551539474233159 ], [ 104.548136772660143, 48.551873964868271 ], [ 104.549478993355237, 48.552257433300937 ], [ 104.550821192192643, 48.552355527107437 ], [ 104.552363985854527, 48.551949741129548 ], [ 104.554415181249396, 48.551298725500473 ], [ 104.555806462772523, 48.551254143939339 ], [ 104.558013656980648, 48.551539483076823 ], [ 104.558633493516751, 48.551682217038383 ], [ 104.559115079977758, 48.552498184432487 ], [ 104.559208803919276, 48.553550577840397 ], [ 104.558780715649874, 48.554848169770402 ], [ 104.557915581864776, 48.556047630943731 ], [ 104.557625811879362, 48.556765543956907 ], [ 104.557866616562336, 48.557389837512261 ], [ 104.558392698085896, 48.557822358974683 ], [ 104.559837488435946, 48.558491225072231 ], [ 104.560938880865095, 48.558874717951085 ], [ 104.561799477983314, 48.559356303850386 ], [ 104.56184412176907, 48.559931514211115 ], [ 104.561558750165901, 48.560457711717653 ], [ 104.560889868551357, 48.560649426153304 ], [ 104.559748307188954, 48.560373013952301 ], [ 104.55868707716796, 48.559753183651971 ], [ 104.557362696085278, 48.558950553212924 ], [ 104.556573410738849, 48.558589357855588 ], [ 104.555565643324087, 48.558633958049477 ], [ 104.554606934976178, 48.559017442439455 ], [ 104.554129837567601, 48.559597073970572 ], [ 104.553697337007407, 48.560649455093873 ], [ 104.55345655287941, 48.561706245804871 ], [ 104.553889051775784, 48.562660501789054 ], [ 104.554990396819449, 48.563240149373073 ], [ 104.556189955250446, 48.563333845957203 ], [ 104.557197638784118, 48.563382843991448 ], [ 104.558107373054824, 48.563766382274643 ], [ 104.558874272126076, 48.564100785662141 ], [ 104.559208714977288, 48.564769642900394 ], [ 104.559066040086563, 48.565492033424441 ], [ 104.558633566277351, 48.566499783676242 ], [ 104.557960226107127, 48.567173112735695 ], [ 104.557148590292996, 48.567507524950855 ], [ 104.55690783124993, 48.568225421418049 ], [ 104.557006003020291, 48.568800686608427 ], [ 104.557625750682249, 48.569710355224068 ], [ 104.558058277724172, 48.570334593575637 ], [ 104.558254513042513, 48.57119964228724 ], [ 104.557433992030425, 48.571966623115735 ], [ 104.556814250001011, 48.572345668118025 ], [ 104.556332681077265, 48.573166171076622 ], [ 104.556381661476578, 48.574218483003122 ], [ 104.556430679156236, 48.575511605302268 ], [ 104.556332648392655, 48.576711140689639 ], [ 104.555565663038323, 48.577237332363374 ], [ 104.555182166499975, 48.5782004930319 ], [ 104.555472067231719, 48.579061090933145 ], [ 104.556239058859873, 48.579734416519202 ], [ 104.557340410625741, 48.580354219643382 ], [ 104.558539852940541, 48.580929400333972 ], [ 104.55940047359347, 48.58141101209268 ], [ 104.559975680916224, 48.58208433464543 ], [ 104.560363639914357, 48.582753239900129 ], [ 104.560840755934024, 48.583185747282833 ], [ 104.562133917396281, 48.583426497163039 ], [ 104.563092643776343, 48.583426516067796 ], [ 104.563480545119589, 48.58414443643305 ], [ 104.563427041664085, 48.585054072373232 ], [ 104.562807215159467, 48.585339456113473 ], [ 104.561799483592353, 48.585486645659245 ], [ 104.560649061808405, 48.584768740075617 ], [ 104.559538671430133, 48.584496690134479 ], [ 104.558539922203082, 48.584385238422506 ], [ 104.557407245538087, 48.584403063098534 ], [ 104.555949132234602, 48.584238113446439 ], [ 104.55508408735642, 48.584095367711967 ], [ 104.55432157798343, 48.584478882602887 ], [ 104.554080785586905, 48.584813298398373 ], [ 104.55379093587355, 48.585914695504989 ], [ 104.553982657708403, 48.586784242579348 ], [ 104.554705029757713, 48.587689457095053 ], [ 104.555137627780965, 48.588603532616304 ], [ 104.554847748039819, 48.5891787512777 ], [ 104.554174472570054, 48.589562264812983 ], [ 104.553229137482532, 48.59004385591895 ], [ 104.552065287837394, 48.590520966479055 ], [ 104.551539071937142, 48.591479683638831 ], [ 104.551632796127095, 48.592630114229678 ], [ 104.552734145283253, 48.593682491496722 ], [ 104.553938090206429, 48.594257709208286 ], [ 104.555324833693589, 48.594596591573598 ], [ 104.557055052437221, 48.594596573327394 ], [ 104.558107325657829, 48.594645634800045 ], [ 104.559690344497014, 48.595220824813531 ], [ 104.560791753275197, 48.595314488146869 ], [ 104.561897581543519, 48.595938741170244 ], [ 104.562325697510062, 48.596705735614087 ], [ 104.562133875237194, 48.597236353921566 ], [ 104.561415992400043, 48.597330031881235 ], [ 104.560024726049846, 48.597472700448016 ], [ 104.558780725870093, 48.597664424725536 ], [ 104.557384962771067, 48.597664444827721 ], [ 104.556091815186818, 48.597713501313315 ], [ 104.555021607532538, 48.598181668271231 ], [ 104.554508815551102, 48.598814873442343 ], [ 104.554223510153193, 48.599916267775257 ], [ 104.553982717687376, 48.600825905269936 ], [ 104.553130945031242, 48.601089022918174 ], [ 104.551659550248147, 48.60143683833877 ], [ 104.551057484637127, 48.601695489884158 ], [ 104.550388669648939, 48.60235987506946 ], [ 104.550049744273878, 48.603416710077468 ], [ 104.550245940263707, 48.604089999754123 ], [ 104.550772153509769, 48.604571588880617 ], [ 104.551922647204478, 48.605476805323285 ], [ 104.552930318154026, 48.606105488166214 ], [ 104.552881317491028, 48.606818973106293 ], [ 104.552689548231129, 48.607541329895341 ], [ 104.552208000656918, 48.608165595319981 ], [ 104.551539083620426, 48.608981639484021 ], [ 104.551779833303513, 48.609699528109076 ], [ 104.552787712222212, 48.610132102681902 ], [ 104.554557922012677, 48.610992727775169 ], [ 104.555565682237159, 48.611376136444036 ], [ 104.556720601000521, 48.611331582911653 ], [ 104.558254471867997, 48.610992721762145 ], [ 104.558967975579122, 48.611090787973431 ], [ 104.559882107280089, 48.611572398316042 ], [ 104.560024793795606, 48.612334881064768 ], [ 104.559400503293688, 48.612624735171664 ], [ 104.55839271349393, 48.612816463362471 ], [ 104.556140933975414, 48.612914577357891 ], [ 104.554847753724545, 48.613052797586796 ], [ 104.553648237886577, 48.612959136137391 ], [ 104.553023944723634, 48.612767428963217 ], [ 104.552261476359163, 48.612147588134377 ], [ 104.550624964935281, 48.611376158580619 ], [ 104.549572645035539, 48.611233462001728 ], [ 104.548613950405425, 48.611572382685779 ], [ 104.548038740639285, 48.612285836531946 ], [ 104.547846975365388, 48.612959146895911 ], [ 104.547895982528601, 48.613681555950329 ], [ 104.548328568629216, 48.614207696723078 ], [ 104.549238219301927, 48.614493053771831 ], [ 104.55082119550697, 48.615023695849644 ], [ 104.551588209660906, 48.615598972088428 ], [ 104.551779904699913, 48.616508581611619 ], [ 104.551012917779133, 48.617324632006955 ], [ 104.550290547544108, 48.618234236366781 ], [ 104.549621649296284, 48.618952188220852 ], [ 104.547632978418889, 48.6198038856786 ], [ 104.545889440379156, 48.620940945264408 ], [ 104.544551662659799, 48.621997748264342 ], [ 104.54434206151754, 48.622697811024985 ], [ 104.544177169669879, 48.623433582160914 ], [ 104.544359971158812, 48.624213930767226 ], [ 104.544627531085467, 48.624646433173496 ], [ 104.547062159597985, 48.625444670619309 ], [ 104.54816360234733, 48.62556951391803 ], [ 104.549068763919337, 48.625881614961791 ], [ 104.550018524886369, 48.626265107003391 ], [ 104.551588184055404, 48.627727729906141 ], [ 104.553242439895314, 48.629221496077804 ], [ 104.554606949771014, 48.630086580865637 ], [ 104.555686039331491, 48.630947201136919 ], [ 104.556609124737633, 48.631780994708791 ], [ 104.5576035038698, 48.632597025724927 ], [ 104.558985863619043, 48.633069721570081 ], [ 104.560796183134229, 48.633573559442624 ], [ 104.563061471187225, 48.633988301305628 ], [ 104.564903053608134, 48.634162202425735 ], [ 104.566856048126667, 48.634090808986187 ], [ 104.568238466310177, 48.634246920733077 ], [ 104.570075626829933, 48.634510021840633 ], [ 104.571003042868128, 48.634857826355287 ], [ 104.571685330330126, 48.635071835997017 ], [ 104.574539165635514, 48.635580191105703 ], [ 104.577829900042886, 48.636061730807981 ], [ 104.5803270733321, 48.636266887687412 ], [ 104.582529842871523, 48.63642298261118 ], [ 104.585142874843072, 48.636222299432248 ], [ 104.586641160888433, 48.63600378065194 ], [ 104.58787183870821, 48.635722867950776 ], [ 104.588665568854665, 48.635696084201761 ], [ 104.5894369992685, 48.635740741510205 ], [ 104.590230775991799, 48.636012736064529 ], [ 104.59077472667029, 48.636436314291501 ], [ 104.590877284754882, 48.63702489179353 ], [ 104.590961952440196, 48.637854299484211 ], [ 104.590774730065064, 48.638634630952133 ], [ 104.590293183497494, 48.63941946483456 ], [ 104.590172738659348, 48.640124026196503 ], [ 104.590484883719014, 48.640725964893775 ], [ 104.590957544855769, 48.641421609216167 ], [ 104.591773615690755, 48.642219761962117 ], [ 104.59296860138241, 48.642888626189944 ], [ 104.594520383290146, 48.643624359268181 ], [ 104.595158014021749, 48.644092601290744 ], [ 104.596321838613221, 48.644119367912566 ], [ 104.631452865820293, 48.636249047836465 ], [ 104.666583850298764, 48.628378697701677 ], [ 104.708209635460832, 48.61027923323298 ], [ 104.749835325314038, 48.592179742854213 ], [ 104.774297979821483, 48.579972965184979 ], [ 104.79876059676657, 48.567766196123095 ], [ 104.830926330084139, 48.572171767177764 ], [ 104.863092102119907, 48.576577380117548 ], [ 104.906904886142328, 48.563242383715746 ], [ 104.950717856237333, 48.549907479234903 ], [ 104.983592510262909, 48.53993245828665 ], [ 105.016467213929801, 48.529957434707427 ], [ 105.049535966475318, 48.546516331637449 ], [ 105.082604644977579, 48.563075206084505 ], [ 105.130807509907385, 48.57201790084634 ], [ 105.179010385968255, 48.580960647163153 ], [ 105.225416328323931, 48.573181735082137 ], [ 105.271822122170974, 48.565402843766392 ], [ 105.299999180212652, 48.583232559851282 ], [ 105.328176247632911, 48.601062261995374 ], [ 105.378626489446631, 48.602792383789549 ], [ 105.402302086859493, 48.619180716974263 ], [ 105.425977781894616, 48.635569039963514 ], [ 105.449653300095079, 48.651957310891 ], [ 105.473328895112758, 48.668345650560084 ], [ 105.473716903649617, 48.668613226699527 ], [ 105.465717279974641, 48.73854970891594 ], [ 105.449526305627671, 48.78022895827749 ], [ 105.464865521498012, 48.809801691239443 ], [ 105.49421088364403, 48.816916214135802 ], [ 105.523556277438857, 48.824030703556396 ], [ 105.56086555169469, 48.835280986512792 ], [ 105.575669818395511, 48.837055768806543 ], [ 105.609376069874983, 48.843048774087698 ], [ 105.609420720116304, 48.843057689719359 ], [ 105.66222541633249, 48.854256737187654 ], [ 105.715030083356339, 48.865455754435452 ], [ 105.767834705261407, 48.87665475948215 ], [ 105.820639411027273, 48.887853828802292 ], [ 105.868842268763601, 48.885599769862715 ], [ 105.917045197965678, 48.883345691440994 ], [ 105.956313087641149, 48.875752976006432 ], [ 105.995581075356426, 48.868160213655528 ], [ 106.03484909670324, 48.860567485088779 ], [ 106.074117002996701, 48.852974725609677 ], [ 106.062732872526809, 48.814907387930901 ], [ 106.038778613203903, 48.790443633426229 ], [ 106.014824377526907, 48.765979925125983 ], [ 105.990870027758874, 48.74151613806302 ], [ 105.966915697009654, 48.71705242322431 ], [ 105.996544231334227, 48.712646839040147 ], [ 106.026172761229617, 48.708241194149544 ], [ 106.042161909798367, 48.69287515440837 ], [ 106.058151177466414, 48.677509108128397 ], [ 106.074140461647943, 48.662143071880458 ], [ 106.090129617743699, 48.646776989840028 ], [ 106.119205210408623, 48.657569096670883 ], [ 106.148280816143384, 48.668361256448001 ], [ 106.177356363302394, 48.679153404345087 ], [ 106.206431924816712, 48.689945533251844 ], [ 106.248106689911381, 48.688288964511251 ], [ 106.289781418865289, 48.686632461461038 ], [ 106.308732642737951, 48.672519374866035 ], [ 106.348679448415979, 48.663663602192969 ], [ 106.388626314950486, 48.654807840069843 ], [ 106.410018830074975, 48.641961117101097 ], [ 106.431411400146501, 48.629114463241862 ], [ 106.466366272427607, 48.617908744068131 ], [ 106.501374632573004, 48.608190142234506 ], [ 106.536383112955846, 48.598471500071973 ], [ 106.525765929789785, 48.552993164180855 ], [ 106.565282525085394, 48.553430125690412 ], [ 106.601994252074149, 48.550623154993417 ], [ 106.638706107331771, 48.547816132372837 ], [ 106.654379794563994, 48.549024548728447 ], [ 106.715465004240571, 48.548217483470786 ], [ 106.776550290321424, 48.547410402348689 ], [ 106.784251099117384, 48.57699206389006 ], [ 106.806965780510851, 48.595256508666189 ], [ 106.837724732487686, 48.608201307363501 ], [ 106.855819716604046, 48.621558562575501 ], [ 106.873914713808006, 48.634915799280073 ], [ 106.907551965752276, 48.634917986636516 ], [ 106.94118914841826, 48.63492021440539 ], [ 106.969484381030341, 48.626661970821452 ], [ 106.997779688296163, 48.618403746263674 ], [ 107.0358269886502, 48.627288492843441 ], [ 107.073874183680729, 48.636173261800117 ], [ 107.096522033267391, 48.641488487167081 ], [ 107.122937668238833, 48.647682219518359 ], [ 107.15849008642499, 48.641867545205578 ], [ 107.18325143988605, 48.622807069015195 ], [ 107.208012861166722, 48.603746620167058 ], [ 107.260995932790877, 48.59415514012592 ], [ 107.26676156038539, 48.596250881897475 ], [ 107.269798149824098, 48.597508370164469 ], [ 107.272339829168587, 48.598221816777055 ], [ 107.274127948578766, 48.59866324755113 ], [ 107.275233818750394, 48.598899611467282 ], [ 107.276054355538506, 48.599077971371798 ], [ 107.276848011050376, 48.599189471412217 ], [ 107.277784419210349, 48.599242966994588 ], [ 107.278636141888015, 48.599332114304104 ], [ 107.279590362681489, 48.59945699961127 ], [ 107.280696254941731, 48.599510532173582 ], [ 107.281525597274182, 48.599559581802978 ], [ 107.282640376843588, 48.599679974003621 ], [ 107.284152041915846, 48.599844974310102 ], [ 107.285846482132783, 48.599929628450766 ], [ 107.287371437920868, 48.599889515706003 ], [ 107.288521948599694, 48.599800370459384 ], [ 107.289596614777949, 48.599662150846818 ], [ 107.291130516224968, 48.599394594532725 ], [ 107.292316671777456, 48.599278648694913 ], [ 107.294532879441334, 48.599216227104385 ], [ 107.296062289608955, 48.599399032369384 ], [ 107.297787958002132, 48.599483719947465 ], [ 107.298974048089391, 48.59961309226621 ], [ 107.300525860802992, 48.599773566408238 ], [ 107.301328464154594, 48.599983188337383 ], [ 107.302982795621944, 48.600656515084772 ], [ 107.304432027644907, 48.601312011075834 ], [ 107.305992697622301, 48.60184706525569 ], [ 107.307343761316048, 48.602359869665648 ], [ 107.309189879014241, 48.60242232418009 ], [ 107.310870952105773, 48.602395554940891 ], [ 107.312226496312348, 48.60254270199173 ], [ 107.31347956885466, 48.602819132818922 ], [ 107.314692421191978, 48.602930607781985 ], [ 107.316070259590731, 48.602899399895328 ], [ 107.317046816545897, 48.602823634548699 ], [ 107.318157168092753, 48.602591744248848 ], [ 107.319410112072021, 48.602301882576725 ], [ 107.320502656529001, 48.602221606355805 ], [ 107.32156828964429, 48.602333104735216 ], [ 107.323329738392516, 48.602449054255139 ], [ 107.324832425801418, 48.602533763149474 ], [ 107.32606312686049, 48.602453547870191 ], [ 107.326923779873823, 48.602359882901283 ], [ 107.327623782445698, 48.602324221787732 ], [ 107.328916965494372, 48.601896134726701 ], [ 107.329724050038806, 48.601347618526383 ], [ 107.330245747228744, 48.600705569025209 ], [ 107.331373918646364, 48.600143719397764 ], [ 107.332479786920615, 48.599755769485334 ], [ 107.333518707385139, 48.599541701912855 ], [ 107.33481190843635, 48.599305416330196 ], [ 107.336105065390413, 48.599100299807716 ], [ 107.336698089634851, 48.599077990835283 ], [ 107.338347998526658, 48.599925234253313 ], [ 107.339864062603795, 48.600482591214153 ], [ 107.341995464575504, 48.600852736749765 ], [ 107.343400054176115, 48.601031045185472 ], [ 107.344479207219592, 48.600995353910172 ], [ 107.345888343163409, 48.600808133458855 ], [ 107.346561622509384, 48.600767985157297 ], [ 107.347979552186402, 48.600767953263251 ], [ 107.348831312245238, 48.60083485590917 ], [ 107.349616103094533, 48.601071185185177 ], [ 107.350824531191762, 48.601628549061076 ], [ 107.351894715336087, 48.60219040806102 ], [ 107.353352860389705, 48.603108997268428 ], [ 107.354797575511185, 48.603965181629988 ], [ 107.35620219619679, 48.604674107774244 ], [ 107.358043783902559, 48.605499078901296 ], [ 107.359515349713519, 48.606020825635397 ], [ 107.361089405896777, 48.606582660854876 ], [ 107.362864076489316, 48.606979492986049 ], [ 107.363813842970927, 48.607220273303717 ], [ 107.364875089292852, 48.607403119384855 ], [ 107.366779206736425, 48.607429844099762 ], [ 107.368018826894755, 48.607371883289012 ], [ 107.36933868069616, 48.607166790029623 ], [ 107.370680903780723, 48.607033025281993 ], [ 107.371996262170839, 48.607189054870979 ], [ 107.372767762975812, 48.607510119455149 ], [ 107.373432148886153, 48.607791023228572 ], [ 107.37427488902847, 48.607924849739092 ], [ 107.374809971417093, 48.607893622644916 ], [ 107.375603688236495, 48.607777672375811 ], [ 107.376076390937214, 48.607768801118006 ], [ 107.377258074451817, 48.60786243762994 ], [ 107.378502147099042, 48.607880220673572 ], [ 107.379055119346916, 48.608063094120794 ], [ 107.37982207014754, 48.60850454484185 ], [ 107.380713926610042, 48.608995044845216 ], [ 107.381672590021282, 48.609275907800381 ], [ 107.382778433044891, 48.609436483934921 ], [ 107.383853110182073, 48.609646075890993 ], [ 107.384562101646679, 48.609828885552645 ], [ 107.385712548560619, 48.610310478744424 ], [ 107.38652406084563, 48.610814308986612 ], [ 107.387121621690156, 48.611041749416401 ], [ 107.388454812987575, 48.611295909450881 ], [ 107.389658845886686, 48.611465363343498 ], [ 107.390773592130472, 48.611496580353815 ], [ 107.391861647796034, 48.611411814818645 ], [ 107.392806932008327, 48.611322677648751 ], [ 107.393676476932754, 48.611055159054573 ], [ 107.394296221546938, 48.610684987331616 ], [ 107.394817978107483, 48.610274746967399 ], [ 107.395317379257477, 48.609806543211569 ], [ 107.395576040541314, 48.609333928535861 ], [ 107.395986255909392, 48.60873190519095 ], [ 107.396632878256995, 48.608272644342193 ], [ 107.397150138917468, 48.608058591084109 ], [ 107.397992867747931, 48.60795604221272 ], [ 107.398875795144505, 48.607924819793602 ], [ 107.399883519511505, 48.608036286011846 ], [ 107.400565751838784, 48.608366269037042 ], [ 107.401203462538064, 48.608870154660437 ], [ 107.401992737980294, 48.609547947068052 ], [ 107.40273289652049, 48.610025042716174 ], [ 107.403334901446385, 48.610297083622065 ], [ 107.404373876516559, 48.610631542278128 ], [ 107.405506450025328, 48.610743018034597 ], [ 107.406755047370439, 48.611037302975255 ], [ 107.407334716614272, 48.611255777052378 ], [ 107.408119521555008, 48.611835492642001 ], [ 107.408788312491637, 48.612267991611915 ], [ 107.409528587876068, 48.61253553028331 ], [ 107.410607614600778, 48.61262024218199 ], [ 107.411704652094997, 48.612812031895061 ], [ 107.412641032625643, 48.61302155865441 ], [ 107.41406346237693, 48.613431804313151 ], [ 107.415218398605361, 48.61369940147889 ], [ 107.415766875178264, 48.613819746845557 ], [ 107.416511573521177, 48.613842046355259 ], [ 107.417835849911683, 48.613855449228971 ], [ 107.419730971486885, 48.613815287914505 ], [ 107.421599307287153, 48.613828656848099 ], [ 107.422526917879622, 48.614091789103142 ], [ 107.423775451562719, 48.614484181528418 ], [ 107.424698434671782, 48.61495686970536 ], [ 107.425995998305979, 48.615491932108107 ], [ 107.426936932519197, 48.61571933080814 ], [ 107.427654857090701, 48.61579961837203 ], [ 107.428069487622906, 48.615795167648727 ], [ 107.428947895056382, 48.61567918482379 ], [ 107.429920024189045, 48.615425068433353 ], [ 107.430860932092756, 48.615170842054006 ], [ 107.431534236579949, 48.614894392976794 ], [ 107.432519713193159, 48.614435152742537 ], [ 107.433072688348744, 48.614368245793521 ], [ 107.434111643558765, 48.614381624580112 ], [ 107.434878594657718, 48.614341487915645 ], [ 107.435681209200567, 48.614042741331438 ], [ 107.436336699741602, 48.613650312555826 ], [ 107.43704125890639, 48.61330246817819 ], [ 107.437687765436692, 48.613057256728219 ], [ 107.438338800876622, 48.612865537255303 ], [ 107.439417900747841, 48.612945794037657 ], [ 107.440385597274314, 48.613182136372842 ], [ 107.441460232554206, 48.613850950094523 ], [ 107.442302957555697, 48.614693782813994 ], [ 107.442900461603969, 48.615460684380778 ], [ 107.443408793754386, 48.615786263124626 ], [ 107.444229293915939, 48.616160804808658 ], [ 107.444991824860836, 48.616276737890232 ], [ 107.44562948205612, 48.616321288956854 ], [ 107.446391980636335, 48.616084956655165 ], [ 107.447640559892065, 48.615710441453082 ], [ 107.448460953440232, 48.615465147392193 ], [ 107.449722923077317, 48.615335834463146 ], [ 107.45034278467547, 48.615371549258178 ], [ 107.450904551668287, 48.615514253324505 ], [ 107.451680475899394, 48.615817460511522 ], [ 107.45259459450422, 48.616245506629767 ], [ 107.453548768712736, 48.616825201561653 ], [ 107.455162995467262, 48.617543136891371 ], [ 107.456072662982038, 48.617792854715127 ], [ 107.45645173649956, 48.617980114337414 ], [ 107.457263228851602, 48.61842605179406 ], [ 107.458217469456045, 48.618987849693781 ], [ 107.459055792291679, 48.619349072741073 ], [ 107.459858412869025, 48.619393664286704 ], [ 107.460835012692172, 48.619465003223041 ], [ 107.461445841859657, 48.619585367207257 ], [ 107.461766982794217, 48.619861875727423 ], [ 107.461945302484224, 48.620334498817954 ], [ 107.462364436665709, 48.620914226727123 ], [ 107.462841557965703, 48.621337792791529 ], [ 107.463563919543404, 48.621538463377576 ], [ 107.464816978173232, 48.621658835300508 ], [ 107.465320862401228, 48.62208697187166 ], [ 107.465690901986633, 48.622608655477869 ], [ 107.466110142402471, 48.622974278665957 ], [ 107.466845891450504, 48.62313478886027 ], [ 107.467684220997683, 48.623188344559175 ], [ 107.468415489155234, 48.623344423570806 ], [ 107.469044205849045, 48.623554018049425 ], [ 107.469989473446645, 48.62376352847221 ], [ 107.470983899909058, 48.624182706336633 ], [ 107.472187869832155, 48.624918441773929 ], [ 107.473605928762566, 48.625961919221048 ], [ 107.47449316076073, 48.626697628708449 ], [ 107.475438562447906, 48.627330869717994 ], [ 107.476589022051954, 48.627955105215563 ], [ 107.478635718544666, 48.629002973807971 ], [ 107.479367032062086, 48.629056472125527 ], [ 107.479995719977225, 48.629109996070127 ], [ 107.480628915496879, 48.629529151586951 ], [ 107.482042508792844, 48.630470029688723 ], [ 107.483139435154428, 48.630733117745017 ], [ 107.483821674315408, 48.631205778222785 ], [ 107.484664382368024, 48.631888019853847 ], [ 107.485551791387607, 48.632619326054545 ], [ 107.486283050837557, 48.633038461786199 ], [ 107.488173768877672, 48.633983787924336 ], [ 107.490528152235058, 48.635504370787864 ], [ 107.491843572438427, 48.636289178527214 ], [ 107.493257114267351, 48.636601275638476 ], [ 107.494198046656919, 48.636864422846671 ], [ 107.49525030884412, 48.636917890375351 ], [ 107.496244742293982, 48.637122996451204 ], [ 107.497185525046433, 48.638175347357596 ], [ 107.498184450662251, 48.639954560108457 ], [ 107.499281398682754, 48.641002412975546 ], [ 107.500645828638554, 48.64210826544187 ], [ 107.50211291986983, 48.643151719030165 ], [ 107.503423829548964, 48.64414612944605 ], [ 107.504993437801232, 48.645461515854898 ], [ 107.505836282252559, 48.64634892881962 ], [ 107.506201866514658, 48.647713384359818 ], [ 107.506094834838365, 48.649390020459343 ], [ 107.506148339663923, 48.650803532161731 ], [ 107.506460546851159, 48.651958416764046 ], [ 107.506986698771158, 48.652640701822179 ], [ 107.507717964609228, 48.652903793255682 ], [ 107.508502743899925, 48.652743244243084 ], [ 107.510286410987547, 48.651325242129282 ], [ 107.511222877192466, 48.649862695013454 ], [ 107.511864952155193, 48.648003246108836 ], [ 107.512698795318443, 48.64613930548223 ], [ 107.51395631337445, 48.644935367271813 ], [ 107.515895958015008, 48.643588707177976 ], [ 107.517434337245916, 48.642879707458803 ], [ 107.519614903749229, 48.642304476014452 ], [ 107.521148785015072, 48.641983418805324 ], [ 107.522878929350171, 48.641729295260781 ], [ 107.524675937864416, 48.642175157666692 ], [ 107.526147390344107, 48.643071437735813 ], [ 107.527043700768729, 48.643842864318728 ], [ 107.527618980467196, 48.644163959891522 ], [ 107.528194218028332, 48.644355667337038 ], [ 107.528644575434882, 48.644418142781454 ], [ 107.529224228921407, 48.644163959630767 ], [ 107.529799464056111, 48.643905340458645 ], [ 107.530245401813232, 48.643330125336121 ], [ 107.530499589553386, 48.642692463195885 ], [ 107.531462683567455, 48.642175161309005 ], [ 107.532934229205708, 48.641854154472291 ], [ 107.534410187810266, 48.641983452639714 ], [ 107.535819206374228, 48.642175185913572 ], [ 107.536969663891426, 48.642692474781427 ], [ 107.537803468351697, 48.643967727017845 ], [ 107.537995231105342, 48.644672273197166 ], [ 107.538187081158952, 48.645251987316975 ], [ 107.538508112447772, 48.645635453442864 ], [ 107.538891529838793, 48.645956546239809 ], [ 107.539658472873512, 48.646723471980302 ], [ 107.540363051908827, 48.647365571047708 ], [ 107.541580430415863, 48.647494898835639 ], [ 107.544781991053057, 48.647619723219314 ], [ 107.548309184985854, 48.647682190931647 ], [ 107.550739389172051, 48.647940834776861 ], [ 107.553562015786142, 48.648453559967415 ], [ 107.555608748282211, 48.648645378648027 ], [ 107.557976499241519, 48.649158168586226 ], [ 107.558685535416529, 48.649991965575687 ], [ 107.55944796273694, 48.650692072888006 ], [ 107.560157005351783, 48.651271771183893 ], [ 107.560923992882863, 48.651401097884779 ], [ 107.56175787397973, 48.651588380730082 ], [ 107.562524790877532, 48.651784513877125 ], [ 107.563229339727499, 48.651909432209443 ], [ 107.564063149966913, 48.651722150559728 ], [ 107.564700778279843, 48.651334172359057 ], [ 107.565472274037816, 48.651334201632352 ], [ 107.566497850457225, 48.651588369147923 ], [ 107.567135457342289, 48.651722117427887 ], [ 107.567777575698742, 48.651784563362831 ], [ 107.569378466875023, 48.651463462569346 ], [ 107.57110858509553, 48.651142470354337 ], [ 107.572259016306333, 48.650758930545408 ], [ 107.573864270399923, 48.650054386427705 ], [ 107.575844190037699, 48.648966407591779 ], [ 107.578345635030729, 48.648324260911146 ], [ 107.581676594143062, 48.647749033471946 ], [ 107.585774508253834, 48.646852811564408 ], [ 107.587691977414138, 48.646210664575626 ], [ 107.590193534339804, 48.645635412619583 ], [ 107.594229007651023, 48.64550614915278 ], [ 107.597047183137377, 48.646339992387567 ], [ 107.599802887774246, 48.646785934270873 ], [ 107.602362446809693, 48.646852766224093 ], [ 107.604730166914436, 48.646852791879134 ], [ 107.606651996207205, 48.646598606173633 ], [ 107.608961894664944, 48.64595651459851 ], [ 107.611396498359852, 48.645185101861003 ], [ 107.613122184219932, 48.644547420705543 ], [ 107.615044083041738, 48.64390531658885 ], [ 107.616836681771716, 48.643330077395333 ], [ 107.618437486958072, 48.64313837408686 ], [ 107.620872143371997, 48.643009012150983 ], [ 107.622793973529667, 48.642879700286827 ], [ 107.624140690616628, 48.64275042010842 ], [ 107.625357923952663, 48.642371376221874 ], [ 107.626124936692179, 48.641796193121706 ], [ 107.627083647685481, 48.640957882997519 ], [ 107.628555155191179, 48.639419446580597 ], [ 107.629772539260784, 48.638719403926146 ], [ 107.631507096762462, 48.638014806863978 ], [ 107.633170372797707, 48.6377562354429 ], [ 107.635413250411162, 48.637564469165724 ], [ 107.637714156508139, 48.637626937378414 ], [ 107.639444263613868, 48.637756191810688 ], [ 107.641111985548605, 48.63807730144795 ], [ 107.642583463842655, 48.638398349257017 ], [ 107.643609113238767, 48.638844215125665 ], [ 107.644121868664968, 48.638781785060864 ], [ 107.644630230880992, 48.638652527948906 ], [ 107.646043762474719, 48.638465175631225 ], [ 107.648090443731292, 48.637947978304439 ], [ 107.650016820391116, 48.63775623674595 ], [ 107.651996614945489, 48.637823104380615 ], [ 107.653601979119145, 48.638269045346419 ], [ 107.654944148082564, 48.638844232166214 ], [ 107.656192659185464, 48.639553229902553 ], [ 107.658176964209403, 48.640257757249245 ], [ 107.659684108663711, 48.640832989579948 ], [ 107.661445537879686, 48.641439448855735 ], [ 107.662600359773592, 48.641822919202674 ], [ 107.664326097108955, 48.641921049303093 ], [ 107.666890119574461, 48.642050347033674 ], [ 107.668941283629948, 48.642242075705816 ], [ 107.67060452217072, 48.64265678537727 ], [ 107.671598887536348, 48.64300905600102 ], [ 107.673101617656883, 48.643009055200892 ], [ 107.67431890655304, 48.643009019566364 ], [ 107.67486298848992, 48.642817320219855 ], [ 107.676017792405759, 48.642817279189074 ], [ 107.678225082358367, 48.642719179843567 ], [ 107.67934436663046, 48.642429350693895 ], [ 107.680757918495672, 48.64211278808618 ], [ 107.683830154108961, 48.641314617912286 ], [ 107.685270469375155, 48.641024765629389 ], [ 107.687896888834558, 48.640128467829783 ], [ 107.68997922589169, 48.639200945655844 ], [ 107.690915759594077, 48.63854103990252 ], [ 107.698728024622895, 48.651566037680453 ], [ 107.670738248019831, 48.678409861180974 ], [ 107.675036794551772, 48.716102654292591 ], [ 107.687553548751978, 48.725315130930461 ], [ 107.698679028744507, 48.747971818247173 ], [ 107.709804411815512, 48.770628511081206 ], [ 107.720929939962971, 48.793285235678681 ], [ 107.732055301343266, 48.815941868640877 ], [ 107.750930714295009, 48.827169888973749 ], [ 107.769806068891569, 48.838397955883778 ], [ 107.751655382059226, 48.861163879768064 ], [ 107.733504586657901, 48.883929778472158 ], [ 107.702727836322296, 48.885526185283481 ], [ 107.671884314231164, 48.895119943747801 ], [ 107.641040610642634, 48.904713692194115 ], [ 107.622250029474984, 48.91696951163884 ], [ 107.603459368977497, 48.929225361559119 ], [ 107.588957226132052, 48.950998053125552 ], [ 107.574455086421764, 48.97277070144164 ], [ 107.55995299973101, 48.994543368097553 ], [ 107.545450865468553, 49.016316058991684 ], [ 107.57136604284257, 49.025456656891969 ], [ 107.597281247601302, 49.034597266530753 ], [ 107.623196461633938, 49.043737893169492 ], [ 107.649111620461852, 49.0528784699274 ], [ 107.675026752234558, 49.062019074267226 ], [ 107.700942048095598, 49.071159678454734 ], [ 107.726857129694409, 49.080300265149482 ], [ 107.752772339393829, 49.089440862190244 ], [ 107.798714504302467, 49.091995946181271 ], [ 107.844656567139467, 49.094551009762448 ], [ 107.890598698811374, 49.097106028516869 ], [ 107.936540803207976, 49.099661100117842 ], [ 107.971243717532261, 49.084917096508931 ], [ 108.005946691992435, 49.070173074076976 ], [ 108.040649626914842, 49.055429040816051 ], [ 108.075352679596548, 49.040685042909409 ], [ 108.115279371229704, 49.037777715380635 ], [ 108.130293224813471, 49.036685244239827 ], [ 108.130226311459168, 49.03681458663042 ], [ 108.132527272486556, 49.037603803799797 ], [ 108.13403883444856, 49.038326163137917 ], [ 108.135813595371133, 49.038785470276565 ], [ 108.138373157442331, 49.039512321234845 ], [ 108.140080934305871, 49.040034021352078 ], [ 108.141329450367451, 49.040693950134312 ], [ 108.142774212043776, 49.04147876083605 ], [ 108.143826535712478, 49.04305726438956 ], [ 108.14425468321808, 49.045665889248482 ], [ 108.145026074354064, 49.04688318162858 ], [ 108.145280236377744, 49.047529773751791 ], [ 108.144058461293923, 49.048751567430052 ], [ 108.14322458359301, 49.049518557751732 ], [ 108.142903518611035, 49.050165113531413 ], [ 108.142903516065715, 49.050807200472136 ], [ 108.143420755447465, 49.051449298948583 ], [ 108.144829877521417, 49.052416964407435 ], [ 108.14547649677526, 49.052867331184096 ], [ 108.145668175440591, 49.053830471166762 ], [ 108.145926811475533, 49.054472602403948 ], [ 108.146564463578414, 49.054664350834422 ], [ 108.148044900811229, 49.054664346692533 ], [ 108.149074915672585, 49.054922985217416 ], [ 108.149654660811322, 49.055823677119342 ], [ 108.149592223189686, 49.05794177703735 ], [ 108.15029675053853, 49.059489079279736 ], [ 108.150363655329699, 49.06038978761017 ], [ 108.149654621656779, 49.061419841570427 ], [ 108.148753898304037, 49.062124377404373 ], [ 108.14824113176482, 49.062704099375026 ], [ 108.148432847495826, 49.063279325773429 ], [ 108.149074987757984, 49.063988341971729 ], [ 108.150167396696219, 49.064826636291052 ], [ 108.151130593109571, 49.066173231813323 ], [ 108.151844085469449, 49.067461958528021 ], [ 108.152677882464801, 49.068746164437549 ], [ 108.153449358532725, 49.069263444530158 ], [ 108.155438106302555, 49.069646867472464 ], [ 108.158207202153008, 49.070418357216312 ], [ 108.160262764324145, 49.071510801320237 ], [ 108.161872580766484, 49.072928800369944 ], [ 108.163156805459735, 49.074337894941578 ], [ 108.163477777858589, 49.076072450714904 ], [ 108.163540230624321, 49.07697323084728 ], [ 108.163803346614102, 49.077552874777432 ], [ 108.164891364919086, 49.078324337004737 ], [ 108.166563579359931, 49.078649827147579 ], [ 108.169524314411305, 49.078453609739512 ], [ 108.172864302255888, 49.077236294021539 ], [ 108.174411598263717, 49.076785926363812 ], [ 108.176850670662063, 49.077490446607278 ], [ 108.17890637299864, 49.078649858736888 ], [ 108.180516099113831, 49.079742286144395 ], [ 108.181626386369871, 49.080179313400606 ], [ 108.183539397210041, 49.080192699500948 ], [ 108.185595004751889, 49.080638596640433 ], [ 108.186821229890626, 49.080638606237365 ], [ 108.187779956932587, 49.080509238831802 ], [ 108.188747527368932, 49.079483693466955 ], [ 108.190290419342503, 49.078712290176767 ], [ 108.191962552356486, 49.078520544234792 ], [ 108.193500935373478, 49.079033283346469 ], [ 108.19459790812239, 49.079934072040437 ], [ 108.194918995272559, 49.081026496769674 ], [ 108.194597963696268, 49.082056585874682 ], [ 108.194401726912716, 49.08282803222955 ], [ 108.19459787820405, 49.083211497953883 ], [ 108.195240027089113, 49.083019722399115 ], [ 108.196270026331561, 49.082252758226439 ], [ 108.198388167178663, 49.080772368154641 ], [ 108.199868611924387, 49.080384414461804 ], [ 108.20173247851821, 49.08032200044714 ], [ 108.203404646960323, 49.080576191918801 ], [ 108.204305335812748, 49.081088978349463 ], [ 108.204434718817211, 49.081860355399819 ], [ 108.203984308004692, 49.082890468634467 ], [ 108.20411365226019, 49.083470114237016 ], [ 108.204755750340482, 49.08392049681175 ], [ 108.206427919146989, 49.083728771309467 ], [ 108.207970736810523, 49.083791192067004 ], [ 108.208675316406513, 49.084179125597586 ], [ 108.209000771444607, 49.084888117130618 ], [ 108.209446749246851, 49.085396478577628 ], [ 108.210686367459999, 49.085681847182251 ], [ 108.21317899469858, 49.085142262654038 ], [ 108.214659387567437, 49.08514226442896 ], [ 108.215943582300568, 49.084821245690605 ], [ 108.216973706615576, 49.085655049687603 ], [ 108.21748643875307, 49.087581382645226 ], [ 108.21799926612438, 49.088678374992426 ], [ 108.218966885564086, 49.089258037409174 ], [ 108.22038042059431, 49.089708402344094 ], [ 108.221281198997843, 49.090350508510809 ], [ 108.22153538370425, 49.091251280067873 ], [ 108.221856367496571, 49.091701637116898 ], [ 108.222373618866712, 49.091960249314418 ], [ 108.223787233490256, 49.091701628460008 ], [ 108.224817247656887, 49.091830937411537 ], [ 108.225267634388899, 49.092281325601661 ], [ 108.225124912914595, 49.092803029312009 ], [ 108.224620992184853, 49.094078325708217 ], [ 108.224817245812744, 49.094720444308379 ], [ 108.225909737357654, 49.09465796550014 ], [ 108.22751943740802, 49.093244507222302 ], [ 108.228803613450921, 49.092214409673154 ], [ 108.229896180137317, 49.091701633268507 ], [ 108.230796950862839, 49.091764060935098 ], [ 108.231826955189007, 49.092018182726257 ], [ 108.232593904772671, 49.093115192425103 ], [ 108.232981779830638, 49.094270041487853 ], [ 108.233494675130061, 49.094787305994508 ], [ 108.234141285438696, 49.094720454864117 ], [ 108.235166785257547, 49.094270100182413 ], [ 108.236067595671102, 49.093949008290934 ], [ 108.23703072874892, 49.093761750587902 ], [ 108.238640513655952, 49.094145224152591 ], [ 108.239991590393061, 49.094595582223903 ], [ 108.241342596178995, 49.09484973258111 ], [ 108.242818638385771, 49.094849724698669 ], [ 108.244749435573112, 49.094399341468481 ], [ 108.245971210148397, 49.094466274373715 ], [ 108.246871996852903, 49.09491663067049 ], [ 108.249119364324613, 49.095170764090334 ], [ 108.253623027381465, 49.094916638564023 ], [ 108.257092181536322, 49.095237697510754 ], [ 108.259410986451257, 49.096004653906071 ], [ 108.26146658003492, 49.096584303528253 ], [ 108.263397330406974, 49.098064752781568 ], [ 108.264873377351392, 49.09883619930978 ], [ 108.265836500813421, 49.099540697410568 ], [ 108.265711647279403, 49.100316582675745 ], [ 108.265065087204917, 49.101538386940057 ], [ 108.264935752005712, 49.102372261667171 ], [ 108.264873293485991, 49.103081233410329 ], [ 108.265774045654496, 49.103527187234505 ], [ 108.266933412488342, 49.103977530148988 ], [ 108.26815073537918, 49.104494769780857 ], [ 108.269372592873239, 49.104945178306373 ], [ 108.270469475630549, 49.105587236700238 ], [ 108.271303391160387, 49.10616695215915 ], [ 108.271432678329788, 49.106746604620184 ], [ 108.270786081178429, 49.107326354038833 ], [ 108.270081566447999, 49.107776688669965 ], [ 108.269698039591844, 49.108093263081571 ], [ 108.269756070253052, 49.108543624889045 ], [ 108.270531890373306, 49.109315045739393 ], [ 108.271370270292024, 49.109640553955145 ], [ 108.274643226801729, 49.109703052663875 ], [ 108.275994336582556, 49.109961646146871 ], [ 108.277412345745972, 49.11079545575739 ], [ 108.278246240186846, 49.110924815042367 ], [ 108.277795867932937, 49.110282703564494 ], [ 108.27664088499489, 49.109252685693342 ], [ 108.275994356595064, 49.108610522312986 ], [ 108.276252985165399, 49.107963939358676 ], [ 108.277220622083334, 49.107709801295421 ], [ 108.278955132562047, 49.108227049826382 ], [ 108.280431115030638, 49.108356341221679 ], [ 108.28165734834262, 49.108093291247663 ], [ 108.283325123170968, 49.107259428636695 ], [ 108.284867940083885, 49.107005248690221 ], [ 108.286027274565612, 49.107130109429001 ], [ 108.287761883641707, 49.108414355033851 ], [ 108.288791952102656, 49.109640596882208 ], [ 108.289500989248396, 49.110153387909619 ], [ 108.290267873760456, 49.110215801455695 ], [ 108.291427286193951, 49.109832325590681 ], [ 108.292328035686978, 49.109381919381867 ], [ 108.29316636857115, 49.1093150983287 ], [ 108.2940670970535, 49.109511303066448 ], [ 108.294967857625309, 49.109765462791671 ], [ 108.295926561796577, 49.109573679634579 ], [ 108.29695654089744, 49.108806757454808 ], [ 108.298178364325565, 49.108160164497725 ], [ 108.299462632838299, 49.108160165230927 ], [ 108.300430222789146, 49.108543667092718 ], [ 108.300621971066889, 49.109123357056639 ], [ 108.300880533672014, 49.109961620227828 ], [ 108.30068886083825, 49.111442025480116 ], [ 108.301522711486086, 49.111892414079612 ], [ 108.302490318640281, 49.111500008800839 ], [ 108.303324153621844, 49.110474457314318 ], [ 108.304675316466728, 49.109765450788636 ], [ 108.305959548609323, 49.108931599221336 ], [ 108.30705196369469, 49.108610498530815 ], [ 108.308015138532056, 49.108931602318464 ], [ 108.308211328102004, 49.109961641554868 ], [ 108.30840310607978, 49.110603780174721 ], [ 108.308982798168429, 49.110733082507821 ], [ 108.310070739213515, 49.110795501394328 ], [ 108.311618093512507, 49.110666174253033 ], [ 108.31238950858102, 49.111183411303386 ], [ 108.312902292495053, 49.112275919523711 ], [ 108.31322334409694, 49.114077434507415 ], [ 108.314574481844716, 49.114978142144437 ], [ 108.315988001625215, 49.115878845761358 ], [ 108.317660182171295, 49.116262356638771 ], [ 108.318623328406204, 49.116779640241724 ], [ 108.319011315771746, 49.117675867237864 ], [ 108.319394744337359, 49.117934523608369 ], [ 108.320041349151836, 49.117934491948773 ], [ 108.321258642636352, 49.117163060918124 ], [ 108.322930847041093, 49.116583438497287 ], [ 108.324607448880499, 49.116516502611532 ], [ 108.326533829061148, 49.116779604147581 ], [ 108.32794730036872, 49.117287936282779 ], [ 108.328848093522211, 49.118126267118143 ], [ 108.329231595210445, 49.119026999787451 ], [ 108.328915025612417, 49.120181928086318 ], [ 108.329619536661141, 49.120119474517956 ], [ 108.331033017675523, 49.119218742625556 ], [ 108.332450999404642, 49.118255608563992 ], [ 108.334439722027582, 49.117805170315016 ], [ 108.335728453488258, 49.118063833070309 ], [ 108.33617437362328, 49.118768332794602 ], [ 108.335987144964022, 49.119865325384858 ], [ 108.335853357829492, 49.120440556447278 ], [ 108.336624730317624, 49.120699133551085 ], [ 108.339523142012382, 49.120632280740608 ], [ 108.341061513513111, 49.120632294586159 ], [ 108.342158535758401, 49.120315696167921 ], [ 108.342738171276807, 49.119735973415878 ], [ 108.343313347771598, 49.119026973808715 ], [ 108.344151706380117, 49.117867626468424 ], [ 108.345627717353864, 49.116837585924856 ], [ 108.346916374463817, 49.116516532658416 ], [ 108.34832984051981, 49.116516502129215 ], [ 108.349614078833497, 49.117287955334803 ], [ 108.351161395217616, 49.118768379114549 ], [ 108.352637362664638, 49.119798396269751 ], [ 108.353538145892969, 49.120373666489826 ], [ 108.354371927707518, 49.120699184635221 ], [ 108.355080997789287, 49.120890907788215 ], [ 108.355624960165173, 49.120837414002516 ], [ 108.356079812501761, 49.120315645572113 ], [ 108.356672824810971, 49.11965569362534 ], [ 108.357395240584893, 49.119325776939348 ], [ 108.358710625546053, 49.119258859012746 ], [ 108.360088472194263, 49.118933358624986 ], [ 108.361667055667368, 49.118603346063239 ], [ 108.362977991681603, 49.11893337913817 ], [ 108.363704928443767, 49.119521977281117 ], [ 108.363967934556968, 49.11998122758547 ], [ 108.363111847557363, 49.120507446156552 ], [ 108.362719355656338, 49.121234231487541 ], [ 108.362781843960363, 49.12162664212439 ], [ 108.363044895203487, 49.12215283193288 ], [ 108.363308012562726, 49.122937634487286 ], [ 108.363901061227409, 49.123200709017354 ], [ 108.364752774980488, 49.122875172208019 ], [ 108.366924294196522, 49.121559742615787 ], [ 108.36823523020486, 49.121559738724471 ], [ 108.368694619711945, 49.122215283584033 ], [ 108.3690870184803, 49.123071384864993 ], [ 108.369483848650688, 49.123664473675881 ], [ 108.370273182517167, 49.123664484406135 ], [ 108.371254088491796, 49.123071396824457 ], [ 108.372636419779312, 49.121755958408308 ], [ 108.374540485006122, 49.121162932566762 ], [ 108.375722188796146, 49.121626660281599 ], [ 108.376315179910208, 49.122612117554567 ], [ 108.376448971417801, 49.124056883641501 ], [ 108.376640659792812, 49.124712336571186 ], [ 108.376903845152626, 49.125037887495772 ], [ 108.377367492986124, 49.125238501556531 ], [ 108.37808988102077, 49.124908571817372 ], [ 108.379405389234194, 49.124319972559775 ], [ 108.381180106932717, 49.12340136216875 ], [ 108.38262480704779, 49.123138274906054 ], [ 108.383672730690947, 49.123200733132862 ], [ 108.384399497628038, 49.123530683075892 ], [ 108.384854386072291, 49.123401383210002 ], [ 108.384136478235959, 49.123071415846283 ], [ 108.383342688883701, 49.122612082663409 ], [ 108.383409662124492, 49.122085951745902 ], [ 108.384399545274462, 49.121689097730851 ], [ 108.386696027708737, 49.121497351556528 ], [ 108.387485249995891, 49.121822821459865 ], [ 108.38820313487534, 49.122349018045654 ], [ 108.388796192572059, 49.122545204398854 ], [ 108.389585442765309, 49.122545248325203 ], [ 108.390307794214905, 49.122085918054424 ], [ 108.390896430488326, 49.121497325006722 ], [ 108.390896467109329, 49.120507447222657 ], [ 108.390504058871173, 49.118407162011572 ], [ 108.391422580823104, 49.11768478886686 ], [ 108.393924198651646, 49.116962453000241 ], [ 108.396091308165481, 49.11564696710748 ], [ 108.398717689755927, 49.11538388653738 ], [ 108.402200247371169, 49.114465340361754 ], [ 108.403118821593495, 49.114728438131486 ], [ 108.403774381779073, 49.115713863374637 ], [ 108.403774375088773, 49.116766243443266 ], [ 108.403711939426231, 49.11781408354188 ], [ 108.40403748701776, 49.118340298957563 ], [ 108.404759744844554, 49.118995777791973 ], [ 108.405615961959839, 49.11952198141644 ], [ 108.406333811708407, 49.119785040487081 ], [ 108.407060654483388, 49.119459515874979 ], [ 108.407653748926037, 49.11906267133768 ], [ 108.408309264076607, 49.118144085026444 ], [ 108.409490902655705, 49.117421741831137 ], [ 108.411065015512435, 49.117488598544796 ], [ 108.412509687393722, 49.117947888028596 ], [ 108.413432754923974, 49.11919644398148 ], [ 108.414092708471216, 49.120315645515433 ], [ 108.414748156860597, 49.120507406269233 ], [ 108.415336744037049, 49.120378121523295 ], [ 108.416259869076114, 49.120052576741209 ], [ 108.417307646112192, 49.119722600378942 ], [ 108.418819366540745, 49.119459530419711 ], [ 108.419479325858902, 49.120115019957794 ], [ 108.419671039855814, 49.121234244698357 ], [ 108.420000998519399, 49.121952199678937 ], [ 108.42046025765768, 49.122282150628202 ], [ 108.420986488167586, 49.122215211105022 ], [ 108.421445773132021, 49.122152839743769 ], [ 108.421579514954161, 49.121559759701981 ], [ 108.421646380096405, 49.12044497868191 ], [ 108.422498142941734, 49.119981220153399 ], [ 108.423875903579656, 49.120244320373303 ], [ 108.424535906090441, 49.121234263528173 ], [ 108.424535984972167, 49.122349049247113 ], [ 108.424335295553178, 49.123726908433014 ], [ 108.424995186145523, 49.124190630869684 ], [ 108.42565067475374, 49.124449296876229 ], [ 108.426440007627789, 49.12431996776526 ], [ 108.426832347699545, 49.124056842617236 ], [ 108.427358470511294, 49.123597554648612 ], [ 108.428214640472362, 49.123334472853784 ], [ 108.429066296664999, 49.123401347789731 ], [ 108.429922498006292, 49.12372687172995 ], [ 108.430970363874266, 49.124319932086408 ], [ 108.431759677652195, 49.124908553113109 ], [ 108.432352734294554, 49.125305398812763 ], [ 108.433141960709165, 49.125568472236687 ], [ 108.433601276679198, 49.12569779499605 ], [ 108.434256727447689, 49.125372325717514 ], [ 108.435045971366321, 49.125109208697232 ], [ 108.435701459023591, 49.124846125212386 ], [ 108.436356960432221, 49.124119265830956 ], [ 108.437873049219007, 49.1232007279336 ], [ 108.439576396545732, 49.123138266700039 ], [ 108.440040264651856, 49.123989989889715 ], [ 108.439973265271021, 49.124975438958565 ], [ 108.439384726252115, 49.125630883624822 ], [ 108.438590961014484, 49.126157079238261 ], [ 108.438131681104153, 49.126620829389559 ], [ 108.43819856187578, 49.127013260826274 ], [ 108.438791651052298, 49.1273387545207 ], [ 108.439710172128869, 49.127802478621241 ], [ 108.441547368868711, 49.128065623916797 ], [ 108.442470473626059, 49.128261801658532 ], [ 108.44305895644537, 49.128065578907638 ], [ 108.443652124461394, 49.127668754986288 ], [ 108.44430751325622, 49.127338749134267 ], [ 108.444833764676304, 49.127147041141988 ], [ 108.445096778033147, 49.127209451552311 ], [ 108.445886107654658, 49.127013263253559 ], [ 108.446804624734696, 49.127075691342206 ], [ 108.4473976510331, 49.127472504346024 ], [ 108.447660840004389, 49.128065573904642 ], [ 108.448316259576458, 49.128524875501171 ], [ 108.449890346221906, 49.129443442776626 ], [ 108.451076520569785, 49.13036204944769 ], [ 108.452454326320449, 49.13134751281477 ], [ 108.452913601852359, 49.132596064448784 ], [ 108.452650582064052, 49.133581516815745 ], [ 108.452320506313541, 49.134963799045977 ], [ 108.452191250399693, 49.13541861568946 ], [ 108.452320532634772, 49.135882392266218 ], [ 108.452784376018357, 49.136207926666323 ], [ 108.453310496894076, 49.13640856190078 ], [ 108.453832182547828, 49.136600350343514 ], [ 108.454425280646191, 49.136734051724652 ], [ 108.454951437185372, 49.136671676100427 ], [ 108.456195509601343, 49.13627483847597 ], [ 108.457644699717207, 49.136011728488072 ], [ 108.459151904062878, 49.135753064072794 ], [ 108.460074928782973, 49.135681703687467 ], [ 108.460926641509772, 49.135882403297629 ], [ 108.461845253559801, 49.136408566654644 ], [ 108.462438259482511, 49.137064030746529 ], [ 108.462308978170086, 49.137982661445911 ], [ 108.461916564647268, 49.138771875625665 ], [ 108.460993498157407, 49.13962807705505 ], [ 108.46073485058298, 49.14041284965306 ], [ 108.460926642731366, 49.141005884996552 ], [ 108.461715848388451, 49.141465201051268 ], [ 108.462701359790785, 49.14192449969805 ], [ 108.463557546727728, 49.142383767363476 ], [ 108.464275402292984, 49.143239891890104 ], [ 108.464739158230344, 49.143761605225869 ], [ 108.46533221509722, 49.143832945357978 ], [ 108.465657764171027, 49.143895392940372 ], [ 108.466973207936022, 49.143569874127017 ], [ 108.468087926099741, 49.143569930551251 ], [ 108.468944074113139, 49.143436117181778 ], [ 108.470058916434681, 49.143436132803018 ], [ 108.470981917583927, 49.143569869514209 ], [ 108.471637383081998, 49.143761629138815 ], [ 108.4722260396791, 49.143699222392101 ], [ 108.472622849197606, 49.143832979310858 ], [ 108.47288145949085, 49.143502993539855 ], [ 108.473082113444505, 49.143173008294319 ], [ 108.473278328660442, 49.142450664811477 ], [ 108.473737683937685, 49.141331422379778 ], [ 108.474856871996025, 49.140675895469371 ], [ 108.475971628188944, 49.140216673840293 ], [ 108.476894709182162, 49.140149720386177 ], [ 108.477746406769612, 49.140216621336805 ], [ 108.478272545306623, 49.140283540727872 ], [ 108.47932045791103, 49.1406135207083 ], [ 108.479851036479829, 49.141331446159107 ], [ 108.480377270669408, 49.141594492430798 ], [ 108.480965792229568, 49.142058237679144 ], [ 108.482276837338276, 49.142713771311854 ], [ 108.482999152518417, 49.143239939765031 ], [ 108.483525371371186, 49.143306831930602 ], [ 108.484051464250342, 49.143436094976998 ], [ 108.484773859273432, 49.143369222163265 ], [ 108.485496227311785, 49.143173013638894 ], [ 108.486419303744768, 49.142909907922068 ], [ 108.487337849577841, 49.143043692389817 ], [ 108.488256498447655, 49.143699192566658 ], [ 108.488983332959734, 49.144158491560198 ], [ 108.489638821362462, 49.145206361608025 ], [ 108.490093625287884, 49.14586629029656 ], [ 108.490753616872922, 49.145933221123649 ], [ 108.49186840791009, 49.146062541671313 ], [ 108.492987621760534, 49.146129401975578 ], [ 108.494236129915322, 49.146000077689855 ], [ 108.495417816105885, 49.145866308278556 ], [ 108.497651867904651, 49.145799464189615 ], [ 108.49922586338792, 49.146325621938068 ], [ 108.500474461348517, 49.146325639528342 ], [ 108.502155516047196, 49.146379081175048 ], [ 108.503627035824437, 49.146816124307861 ], [ 108.50458119528723, 49.147244208156806 ], [ 108.505267907453117, 49.147850645476147 ], [ 108.505874385080531, 49.148028965993767 ], [ 108.507002484236864, 49.14837234584563 ], [ 108.508130670610456, 49.148546261115797 ], [ 108.509597717728184, 49.148198427299924 ], [ 108.510641110621862, 49.148372308850391 ], [ 108.510899717332038, 49.150191634764568 ], [ 108.511140575931236, 49.151640873122886 ], [ 108.510592067392054, 49.152033269877904 ], [ 108.509325740641685, 49.152470215093132 ], [ 108.507617838565778, 49.152782392892114 ], [ 108.506066156068158, 49.15328180980719 ], [ 108.505642531430752, 49.154280624423386 ], [ 108.513807101157795, 49.155466805842657 ], [ 108.553613474672204, 49.137875637293433 ], [ 108.582158471132573, 49.110532397457966 ], [ 108.610703334879005, 49.083189178781403 ], [ 108.642443283504562, 49.06687999794255 ], [ 108.674183180179313, 49.050570855484345 ], [ 108.688222642784012, 49.033216016028405 ], [ 108.702262057456721, 49.01586123480179 ], [ 108.730366672807932, 48.999573230537848 ], [ 108.758471270385627, 48.983285254735172 ], [ 108.786575958288793, 48.96699728570529 ], [ 108.814680480422624, 48.950709283428253 ], [ 108.814533322098271, 48.877753927163162 ], [ 108.819411574643254, 48.877780719464035 ], [ 108.826751268610522, 48.876674854711318 ], [ 108.828445781165243, 48.876055007989564 ], [ 108.831241604139223, 48.874191146700177 ], [ 108.835174548621907, 48.872875679319726 ], [ 108.838608029366995, 48.872345086869458 ], [ 108.841372645641414, 48.872166696519294 ], [ 108.843472872508769, 48.871974946105922 ], [ 108.844048111688025, 48.870829007634839 ], [ 108.843704803838108, 48.869611663547637 ], [ 108.843892080320828, 48.868791195630699 ], [ 108.845002379953101, 48.867172497154996 ], [ 108.847080387337229, 48.864992009124634 ], [ 108.84726314400821, 48.864068938654405 ], [ 108.847098146097778, 48.862682221235474 ], [ 108.846817232880625, 48.861518384361062 ], [ 108.847102653297924, 48.86017169229838 ], [ 108.84785170009944, 48.859199612933622 ], [ 108.849028991786426, 48.857955533757483 ], [ 108.849943084371873, 48.856858588026199 ], [ 108.85025517861564, 48.855730494543309 ], [ 108.850317662981482, 48.855124020350694 ], [ 108.850509352074511, 48.854187647999396 ], [ 108.850736740676069, 48.853830875511754 ], [ 108.851673132026278, 48.852965786994446 ], [ 108.853042174206564, 48.851931261782248 ], [ 108.853764535506215, 48.851079635743091 ], [ 108.854700888577312, 48.850272530295605 ], [ 108.855592808839944, 48.849750826652851 ], [ 108.856239354456733, 48.849568010499496 ], [ 108.857394244209843, 48.849362867878973 ], [ 108.858772039801579, 48.848850054150397 ], [ 108.860105350774958, 48.848100908664975 ], [ 108.861220155266736, 48.847605935402882 ], [ 108.862549000712136, 48.847325080145247 ], [ 108.863993657886439, 48.846995094788362 ], [ 108.864493129557616, 48.846941550440192 ], [ 108.865425103631424, 48.846937095145577 ], [ 108.865844196677187, 48.846825654914355 ], [ 108.866285684995347, 48.84657593388566 ], [ 108.866878698051636, 48.846428757923206 ], [ 108.867364797628468, 48.846424307593026 ], [ 108.867922162067217, 48.846709688782234 ], [ 108.868269940654457, 48.846812245853513 ], [ 108.868657919491127, 48.846714174996322 ], [ 108.868805022359908, 48.846638363409774 ], [ 108.869277689906639, 48.846027445136912 ], [ 108.869781597376388, 48.845684108131799 ], [ 108.870258777525081, 48.845541418640622 ], [ 108.871676728974805, 48.845492376077999 ], [ 108.872350057159423, 48.845367512872095 ], [ 108.873005611698858, 48.844948369214215 ], [ 108.873357838693408, 48.844658464559373 ], [ 108.87379925922717, 48.844618365963214 ], [ 108.874477105636942, 48.84460056665997 ], [ 108.875034387995527, 48.844373105419585 ], [ 108.875404513938889, 48.844225941072075 ], [ 108.875984265655759, 48.844252744725011 ], [ 108.876599613414413, 48.844185871756018 ], [ 108.877063384136392, 48.843860354674774 ], [ 108.87782583356973, 48.843704290240233 ], [ 108.87889599513089, 48.843833608212158 ], [ 108.879783334837214, 48.84410555956503 ], [ 108.881232599327106, 48.844230425281545 ], [ 108.881972824260842, 48.844337451438413 ], [ 108.883814416969386, 48.844118940862224 ], [ 108.885285909436234, 48.844564883338322 ], [ 108.886810916928766, 48.844792248156104 ], [ 108.888599020641507, 48.845630606207529 ], [ 108.889339240101918, 48.844975079382948 ], [ 108.889508687281889, 48.844176926531667 ], [ 108.890074973564325, 48.843592809937391 ], [ 108.89019090302979, 48.842674187901473 ], [ 108.890623454016136, 48.841309725693208 ], [ 108.891020363254682, 48.839191677638055 ], [ 108.891176399040859, 48.837626532277881 ], [ 108.891519683416576, 48.836788178180264 ], [ 108.892077131722644, 48.83573140701872 ], [ 108.891979058219903, 48.834955513877595 ], [ 108.892309047799557, 48.833898695708164 ], [ 108.892045867307871, 48.832739314646709 ], [ 108.891836266752435, 48.830884324653034 ], [ 108.891996789036725, 48.82904718022322 ], [ 108.890471853761113, 48.82632265811084 ], [ 108.889401627710669, 48.824873498366181 ], [ 108.888286832611087, 48.823767604432909 ], [ 108.887493153286044, 48.822175745623916 ], [ 108.885584645009402, 48.81954483523478 ], [ 108.884117681275242, 48.817921765594775 ], [ 108.882173491384606, 48.81635657995146 ], [ 108.882307226196602, 48.815420151117301 ], [ 108.882886873689685, 48.814247423523732 ], [ 108.883876864618387, 48.812521785660877 ], [ 108.88407305430627, 48.810412585726283 ], [ 108.884402987502341, 48.808356932846387 ], [ 108.884166694695253, 48.805592304350817 ], [ 108.883698425844216, 48.801917995882064 ], [ 108.884050752067068, 48.797142330371202 ], [ 108.884398557816823, 48.792308630893835 ], [ 108.887194465262951, 48.786306720288557 ], [ 108.887105200139004, 48.783675877245258 ], [ 108.887435223953091, 48.782262332478339 ], [ 108.888019332795565, 48.780594570109912 ], [ 108.88833592181922, 48.779836541333005 ], [ 108.888563347016316, 48.778766344340646 ], [ 108.888416182931323, 48.777254699332303 ], [ 108.887644732555671, 48.775043012360186 ], [ 108.887114167883055, 48.773758774931345 ], [ 108.886735119796455, 48.773245974267574 ], [ 108.886427432600144, 48.773027525224776 ], [ 108.886097417177666, 48.772318483150592 ], [ 108.885664903143194, 48.771716507751073 ], [ 108.885143274422347, 48.770860386692405 ], [ 108.88463041677079, 48.770030989231934 ], [ 108.88427370986291, 48.769848186987829 ], [ 108.883257059776554, 48.768942989859909 ], [ 108.882784348622835, 48.768777950782564 ], [ 108.88225817468313, 48.768657556887369 ], [ 108.881870257488558, 48.768443511248741 ], [ 108.881406478512417, 48.768028836413627 ], [ 108.880884836301931, 48.767752399894292 ], [ 108.879506939374309, 48.76710137652713 ], [ 108.878945105963481, 48.766682203102725 ], [ 108.878704284448816, 48.765892926153015 ], [ 108.87813795857511, 48.764577497175509 ], [ 108.877531507937604, 48.762191883811674 ], [ 108.87820034869074, 48.761826218113256 ], [ 108.879127922156258, 48.7614115288129 ], [ 108.881999533258167, 48.758481934854899 ], [ 108.883007280078573, 48.75715313119273 ], [ 108.883890228574174, 48.755891160066348 ], [ 108.883823268760196, 48.755289180534596 ], [ 108.884077473263943, 48.754424153441896 ], [ 108.885388462899499, 48.753229067139024 ], [ 108.88633385055833, 48.752056360628252 ], [ 108.886494292203835, 48.751592601288102 ], [ 108.88714975897139, 48.751253714805593 ], [ 108.887702796071792, 48.750656201241512 ], [ 108.888246705845859, 48.749835695273823 ], [ 108.88873281125943, 48.749233738356523 ], [ 108.889299138329861, 48.748921635792058 ], [ 108.890587821195538, 48.748529237030972 ], [ 108.891738192793767, 48.747891524734406 ], [ 108.892509659686709, 48.74773547688617 ], [ 108.893521832997067, 48.747566056070525 ], [ 108.893976660268578, 48.747057680621829 ], [ 108.895202988403256, 48.745898356030082 ], [ 108.895889638315396, 48.745760088136699 ], [ 108.896710100330935, 48.745764569490539 ], [ 108.897356717639298, 48.745693187889529 ], [ 108.89781594994389, 48.745265118487815 ], [ 108.898921787943578, 48.744752320287311 ], [ 108.899862731463216, 48.744738947228939 ], [ 108.901053251079801, 48.744582927026727 ], [ 108.901855867766386, 48.744520447885058 ], [ 108.903238218645072, 48.743405693465213 ], [ 108.90410333241995, 48.742750227848738 ], [ 108.905026328699492, 48.742455937809915 ], [ 108.906444332157477, 48.742166037085312 ], [ 108.907050763746042, 48.741617590696038 ], [ 108.906836765053015, 48.741216313356311 ], [ 108.905971715752543, 48.740427003148127 ], [ 108.905347400111779, 48.739865168634566 ], [ 108.905146770932618, 48.739169561425719 ], [ 108.905739854193115, 48.738224249766006 ], [ 108.907037379610415, 48.737622240316206 ], [ 108.909418575585505, 48.737265514753311 ], [ 108.910350490360784, 48.736788427944013 ], [ 108.910569043394943, 48.736123994766018 ], [ 108.910814276788628, 48.734768435242692 ], [ 108.911732823624575, 48.734144137071894 ], [ 108.913752758503293, 48.733881051373366 ], [ 108.915630045927188, 48.73371606713058 ], [ 108.916811772124092, 48.733323665671868 ], [ 108.917846296365511, 48.732703821042485 ], [ 108.918332349749676, 48.731780804943043 ], [ 108.918845076686196, 48.728409722441988 ], [ 108.919901918616802, 48.726028552115046 ], [ 108.921957594174003, 48.723147991977349 ], [ 108.923094605053961, 48.721507027979726 ], [ 108.923384479765545, 48.720642006062647 ], [ 108.923393347011952, 48.719348876863826 ], [ 108.923580612642368, 48.718198389821033 ], [ 108.924329744920556, 48.717270902757221 ], [ 108.925239498255891, 48.716490555407887 ], [ 108.925440122939335, 48.715790521365577 ], [ 108.925725448806261, 48.715362430351703 ], [ 108.926983015702945, 48.714483989702543 ], [ 108.926875928949002, 48.713832953570609 ], [ 108.926875935433543, 48.713173003381861 ], [ 108.927156840484713, 48.712495222170027 ], [ 108.928115597556342, 48.711581099078202 ], [ 108.92787030972957, 48.711023744509795 ], [ 108.928013017503829, 48.710261239501968 ], [ 108.92816460998668, 48.709405024543408 ], [ 108.928788841157072, 48.708669299010161 ], [ 108.929288341948407, 48.707871148738356 ], [ 108.929208076314865, 48.707278078021965 ], [ 108.928722050919802, 48.705793169406746 ], [ 108.928623957029458, 48.703759840452634 ], [ 108.928886978925419, 48.703153432774208 ], [ 108.929939342833663, 48.702497941392743 ], [ 108.930697370127362, 48.70202523892295 ], [ 108.930915844413605, 48.701235992053626 ], [ 108.931245880106729, 48.700317418215711 ], [ 108.931094262104992, 48.699563838368263 ], [ 108.931058533298, 48.698721059977949 ], [ 108.931499995064073, 48.69800310191733 ], [ 108.931602545390959, 48.697258452891731 ], [ 108.931633766093341, 48.69534995892645 ], [ 108.932998287715975, 48.69406575986045 ], [ 108.933172226615682, 48.693526225453965 ], [ 108.933359503653023, 48.692371277129844 ], [ 108.934273652596119, 48.690957773595819 ], [ 108.934179995513432, 48.690489562985974 ], [ 108.934273605277866, 48.689744857093544 ], [ 108.934625844755701, 48.688683602853729 ], [ 108.934121955714758, 48.688206503601457 ], [ 108.93324800263342, 48.687328072893116 ], [ 108.932989308216378, 48.686003685767581 ], [ 108.933256909956143, 48.685544429881631 ], [ 108.93455893714335, 48.684634769831817 ], [ 108.934425160753719, 48.684081825947537 ], [ 108.93405509081569, 48.683314868784102 ], [ 108.934224476693856, 48.68232044895084 ], [ 108.935321528418498, 48.681647143114354 ], [ 108.935780772512658, 48.68119678852414 ], [ 108.935976959033042, 48.680492250709463 ], [ 108.936538857997988, 48.679774359027782 ], [ 108.938416118669537, 48.67835187876706 ], [ 108.938661353956888, 48.677870288961437 ], [ 108.938112914915322, 48.677620585797946 ], [ 108.937091702087557, 48.677245986287936 ], [ 108.936619066893783, 48.676398797244623 ], [ 108.937011487087801, 48.67543561382282 ], [ 108.937336956556223, 48.674459090655027 ], [ 108.937171957822301, 48.673500367648188 ], [ 108.936378241242707, 48.67255949462379 ], [ 108.935985892384139, 48.671872793563011 ], [ 108.936097335566117, 48.670490491524525 ], [ 108.936347059127911, 48.669308792895492 ], [ 108.935789656519049, 48.668916419799757 ], [ 108.934710590952577, 48.668626593831377 ], [ 108.933270311966567, 48.668532931625364 ], [ 108.931905815360622, 48.668104897799928 ], [ 108.93059933231298, 48.667324517173469 ], [ 108.929890242810984, 48.665964487822656 ], [ 108.929841212034248, 48.665331282555101 ], [ 108.93014444384923, 48.664921078677423 ], [ 108.930942579619085, 48.664479585795291 ], [ 108.932280387947415, 48.663748304627234 ], [ 108.932409734005986, 48.663271184827146 ], [ 108.932057368685321, 48.662785145505019 ], [ 108.931326115297409, 48.662192060926017 ], [ 108.931170110307193, 48.661492019067353 ], [ 108.931107651924563, 48.660720576003925 ], [ 108.930532371051257, 48.659998235278721 ], [ 108.929952690846974, 48.659373931543378 ], [ 108.929957209403199, 48.658749692074927 ], [ 108.930461075592007, 48.657465430653986 ], [ 108.930028526196168, 48.656774277281642 ], [ 108.929355237292199, 48.65610988781647 ], [ 108.928842453935673, 48.655699638556428 ], [ 108.928641800076392, 48.655222513069063 ], [ 108.928788877969495, 48.654723114892036 ], [ 108.929217005424647, 48.654321785019462 ], [ 108.930251526660697, 48.653256056669889 ], [ 108.930612643397509, 48.652489104524847 ], [ 108.930692899920956, 48.651673063843198 ], [ 108.930942697155288, 48.650816939710687 ], [ 108.931959278565287, 48.648886147910495 ], [ 108.931749694197052, 48.648382228238653 ], [ 108.930889161196902, 48.64795860453777 ], [ 108.929930475596208, 48.647762441510238 ], [ 108.929194651742932, 48.64784273235577 ], [ 108.928360823831355, 48.647798118818834 ], [ 108.92791935120691, 48.647245189565361 ], [ 108.927914878237772, 48.646487160963304 ], [ 108.927558224573971, 48.645911894917838 ], [ 108.927094493143642, 48.645474926320681 ], [ 108.926291832503495, 48.64504685408923 ], [ 108.925645274243948, 48.644101542994292 ], [ 108.926162444597111, 48.643628874124204 ], [ 108.928013080712716, 48.642995681468548 ], [ 108.92873093111514, 48.642255459573271 ], [ 108.928882535465533, 48.641305702343416 ], [ 108.92890934284317, 48.640168589371655 ], [ 108.928120056484801, 48.639588917988796 ], [ 108.92655485627543, 48.638523206726589 ], [ 108.925355395244466, 48.637091788437594 ], [ 108.924151417840847, 48.635883382403279 ], [ 108.923861566364735, 48.634353943500074 ], [ 108.92361185838341, 48.633020662676593 ], [ 108.923536058628471, 48.631665055423248 ], [ 108.923674312930189, 48.63063060816318 ], [ 108.923339862571368, 48.629761026811551 ], [ 108.922911783769564, 48.62965402774411 ], [ 108.922568477233, 48.629332936792451 ], [ 108.92249268817497, 48.628913827254046 ], [ 108.922867188116342, 48.628650712097993 ], [ 108.923442448719499, 48.628294031696051 ], [ 108.923513813059444, 48.627830256767204 ], [ 108.923228352985674, 48.627388812097585 ], [ 108.923001041369645, 48.626376594011006 ], [ 108.923455846515324, 48.62568544661562 ], [ 108.924441288003393, 48.625293012433325 ], [ 108.925560463425697, 48.625275171107191 ], [ 108.927139041067903, 48.625698789366488 ], [ 108.928142315102221, 48.625993086184238 ], [ 108.928855792559048, 48.625921723923256 ], [ 108.929426589389465, 48.625565062089102 ], [ 108.929698522771048, 48.625114637291723 ], [ 108.929408685730863, 48.624476996999654 ], [ 108.928539118848718, 48.623759073876705 ], [ 108.928276070307362, 48.623344441346354 ], [ 108.928432184163924, 48.623018874938396 ], [ 108.929069807366616, 48.622510546677439 ], [ 108.929805505358331, 48.621886260593008 ], [ 108.929765418265475, 48.621377941203903 ], [ 108.92927491986012, 48.620361239345179 ], [ 108.928748820502875, 48.619465013488913 ], [ 108.928748796545321, 48.618996804070527 ], [ 108.929127791554819, 48.618497399479274 ], [ 108.930523496545931, 48.617560911710207 ], [ 108.931821119864452, 48.616160783596641 ], [ 108.932868996050686, 48.614872075977921 ], [ 108.933609204670788, 48.614519802239293 ], [ 108.934487668383923, 48.61449311464478 ], [ 108.935660321509388, 48.614747256603167 ], [ 108.936458602024842, 48.614720493787502 ], [ 108.93690888980538, 48.614386082106719 ], [ 108.937020408714233, 48.613801954552933 ], [ 108.937118518570216, 48.612727302726007 ], [ 108.937930046359085, 48.611906814789435 ], [ 108.94000349299337, 48.610725145750457 ], [ 108.941336834670309, 48.610332778049752 ], [ 108.943160596262416, 48.61054678723174 ], [ 108.944355617003396, 48.61099718214669 ], [ 108.945697804395891, 48.611804265950596 ], [ 108.946228407817429, 48.611906815085341 ], [ 108.946629710534069, 48.611639247013635 ], [ 108.947387777446536, 48.610814309060046 ], [ 108.948868279408586, 48.609262557140859 ], [ 108.949470229682376, 48.607742017870748 ], [ 108.949951749828855, 48.606966100536077 ], [ 108.950152409054951, 48.605895911059491 ], [ 108.949702137357065, 48.605133442696243 ], [ 108.948868228169374, 48.604223806265175 ], [ 108.947459199550508, 48.603046587675408 ], [ 108.946901775510327, 48.60183818884591 ], [ 108.947097992718795, 48.60099982605005 ], [ 108.947913946652221, 48.600406800582782 ], [ 108.948587251128927, 48.600161528392519 ], [ 108.949581694740246, 48.60023737314971 ], [ 108.949764562203939, 48.599639850154993 ], [ 108.948957450895023, 48.598596424219373 ], [ 108.947650859155999, 48.597459331157566 ], [ 108.947071235272887, 48.596736918526986 ], [ 108.947588412440822, 48.596233060487755 ], [ 108.948480300222954, 48.595952155527648 ], [ 108.949198153956957, 48.595327871004443 ], [ 108.948881597372676, 48.594636717666511 ], [ 108.94809232649996, 48.593414949140126 ], [ 108.948016483850537, 48.592830756666679 ], [ 108.948685352338643, 48.59173384159299 ], [ 108.948132474565327, 48.590984712299779 ], [ 108.947432410871102, 48.590422837214142 ], [ 108.947097952873818, 48.589927937364521 ], [ 108.947254048517749, 48.589339285321238 ], [ 108.948328676599814, 48.587983763867641 ], [ 108.948029958891283, 48.587555652506992 ], [ 108.947343215861395, 48.587185551758772 ], [ 108.94625522959403, 48.586784249528975 ], [ 108.945292053380541, 48.585834421770961 ], [ 108.945024539641167, 48.584942641060046 ], [ 108.945461439801576, 48.58422918848423 ], [ 108.946861607711256, 48.583132216765229 ], [ 108.947392250314905, 48.582325135033273 ], [ 108.946959756980903, 48.581839097110347 ], [ 108.946241780429148, 48.581116732429464 ], [ 108.945956401940805, 48.580385391477655 ], [ 108.946464792851785, 48.579836917858636 ], [ 108.948199357830447, 48.578731096217417 ], [ 108.948087935054417, 48.578142515298723 ], [ 108.947757926215374, 48.577696545260686 ], [ 108.946937402499969, 48.577375524961624 ], [ 108.946638605077581, 48.57688054423528 ], [ 108.94680371791776, 48.576461413224841 ], [ 108.947138066418887, 48.576122554388263 ], [ 108.94728082455434, 48.57578806385041 ], [ 108.947187172646323, 48.575484893034186 ], [ 108.946718896290562, 48.575368946532208 ], [ 108.946045619561758, 48.575217295086141 ], [ 108.94487735853231, 48.574994373846486 ], [ 108.944614248343797, 48.574610897632759 ], [ 108.944770335925242, 48.574080279823797 ], [ 108.945216213882773, 48.57355858065614 ], [ 108.945434716130279, 48.572947678380842 ], [ 108.945385674340883, 48.572260910531824 ], [ 108.944970966638422, 48.570945516857606 ], [ 108.944792602777994, 48.568979056585661 ], [ 108.958575635093283, 48.556903786836024 ], [ 108.965317893829649, 48.553358809137428 ], [ 108.971252953130147, 48.551539530388204 ], [ 108.973665260969668, 48.549198506317417 ], [ 108.974909336785785, 48.54824421333992 ], [ 108.975743286435275, 48.547102699837595 ], [ 108.975921609456975, 48.54278629732999 ], [ 108.97754028164691, 48.540003787885922 ], [ 108.978169003525636, 48.532365396838728 ], [ 108.977812206832269, 48.526706745402912 ], [ 108.977183499168746, 48.523563135556081 ], [ 108.972510356556768, 48.517989223694819 ], [ 108.973228316470738, 48.515295938636719 ], [ 108.979881230367965, 48.514395163959371 ], [ 108.982307097804522, 48.51430156676301 ], [ 108.985357097995475, 48.51268733825075 ], [ 108.987604397868907, 48.511251542503523 ], [ 108.998029841203845, 48.510622750191324 ], [ 109.001177915618001, 48.506141397337444 ], [ 109.013832900967003, 48.502212919180081 ], [ 109.030269116726132, 48.497722617475922 ], [ 109.038536323018789, 48.497575436982792 ], [ 109.038906396770145, 48.496161912763256 ], [ 109.038835010269509, 48.494917811992408 ], [ 109.038402563864494, 48.493499849512219 ], [ 109.036315705158074, 48.491025038060229 ], [ 109.035517486561517, 48.488898029175957 ], [ 109.032583383838769, 48.487016313844016 ], [ 109.029421898363694, 48.48651246552182 ], [ 109.026808878255423, 48.485687453595325 ], [ 109.023963975307851, 48.484220448242453 ], [ 109.018055644503633, 48.481834810636002 ], [ 109.016405776293581, 48.479591919848851 ], [ 109.015491641419032, 48.478628724813582 ], [ 109.013244320390683, 48.478307683885738 ], [ 109.007086204362565, 48.478218488651883 ], [ 109.033399353874515, 48.452181814163644 ], [ 109.04057852659308, 48.364056566350236 ], [ 109.056136399047062, 48.326894436020595 ], [ 109.042745736844452, 48.307582100314768 ], [ 109.029355028836846, 48.288269724291318 ], [ 109.015964287081076, 48.268957314337435 ], [ 109.002573621173809, 48.249645017577791 ], [ 108.983981440438654, 48.226417535128597 ], [ 108.965389247684641, 48.203190057350966 ], [ 108.946796966368495, 48.179962610958434 ], [ 108.928204725841894, 48.156735187523793 ], [ 108.941194131644039, 48.123617421250756 ], [ 108.936793029511193, 48.100661949468517 ], [ 108.91449302564223, 48.082763088003155 ], [ 108.889246695455313, 48.070198467783861 ], [ 108.8640004258083, 48.057633853770255 ], [ 108.83875408811592, 48.045069187900872 ], [ 108.813507800977362, 48.032504605234045 ], [ 108.796427209964861, 48.013479854944812 ], [ 108.779346559214787, 47.994455099621362 ], [ 108.751295452818042, 47.982844706877337 ], [ 108.723244402388303, 47.971234315036597 ], [ 108.695193331362162, 47.959623934226954 ], [ 108.667142265468343, 47.948013557312059 ], [ 108.64091378247484, 47.93159960384078 ], [ 108.60339603251424, 47.929037871221382 ], [ 108.565878290197332, 47.926476062903092 ], [ 108.528360468725012, 47.923914347747008 ], [ 108.490842746796915, 47.921352615980766 ], [ 108.479405163575834, 47.928041214730513 ], [ 108.479155494935455, 47.928210693085141 ], [ 108.478593569008694, 47.928429185216508 ], [ 108.477831115759102, 47.928585274768217 ], [ 108.477269197714392, 47.928616437855958 ], [ 108.476948125060218, 47.928754677117027 ], [ 108.476555784273415, 47.929111445953112 ], [ 108.476355092436961, 47.929499377259631 ], [ 108.476221346263898, 47.93003891231654 ], [ 108.475762052610719, 47.93027968920687 ], [ 108.475119905036792, 47.930346582098707 ], [ 108.474406451250431, 47.930328729987792 ], [ 108.473795626435646, 47.930248452673567 ], [ 108.473421011725534, 47.930248468890902 ], [ 108.473198054143111, 47.930400066076096 ], [ 108.473033109927954, 47.930654230587358 ], [ 108.472827987128042, 47.930788028082951 ], [ 108.472422217336444, 47.930890588343203 ], [ 108.472034304525934, 47.930814802163873 ], [ 108.470923965531782, 47.930511569744539 ], [ 108.470197112118413, 47.93027970406326 ], [ 108.469278518116113, 47.930172685682905 ], [ 108.468297534505609, 47.930279741561506 ], [ 108.467847194201809, 47.930346585468101 ], [ 108.467485962540366, 47.930725636017144 ], [ 108.467419093553502, 47.931220547655357 ], [ 108.467379003533139, 47.931497064717547 ], [ 108.467142644213141, 47.931626356520795 ], [ 108.466696688833125, 47.931711050567813 ], [ 108.465992148037344, 47.932116828982302 ], [ 108.465586445242195, 47.9321391581989 ], [ 108.465372402141597, 47.931987540270143 ], [ 108.465176113878201, 47.931688752999271 ], [ 108.464904173016251, 47.931367707117204 ], [ 108.464538526925509, 47.931260712115588 ], [ 108.464195148132461, 47.93130532486645 ], [ 108.463726901007561, 47.931412291900685 ], [ 108.463619910918666, 47.931884972626698 ], [ 108.4639588505311, 47.932264001493394 ], [ 108.464453772266992, 47.932736675824053 ], [ 108.464623182450026, 47.933120128058398 ], [ 108.46445385672402, 47.933525951102418 ], [ 108.4640078666324, 47.933847006515798 ], [ 108.462955584840458, 47.934101171537037 ], [ 108.461845222612666, 47.934337483709214 ], [ 108.460458398745075, 47.934596105491707 ], [ 108.459414990874947, 47.935042025610414 ], [ 108.45883533160611, 47.935492389473886 ], [ 108.458540972182746, 47.935920453396854 ], [ 108.458130781737225, 47.936085459574507 ], [ 108.457662558234318, 47.936067611230612 ], [ 108.457234485575057, 47.93597843900325 ], [ 108.456382886137732, 47.935639570132437 ], [ 108.455464228312152, 47.935385387361315 ], [ 108.45486675328803, 47.935425527557967 ], [ 108.454505547498215, 47.935639545787964 ], [ 108.454269145600762, 47.936045322548445 ], [ 108.453881300615222, 47.936192467941233 ], [ 108.453265882243343, 47.936085493357822 ], [ 108.452302718806152, 47.936107755404507 ], [ 108.451874673867124, 47.93645108072905 ], [ 108.451682887131525, 47.936963925583797 ], [ 108.451513470550012, 47.937498987289004 ], [ 108.451045292526544, 47.937882475336266 ], [ 108.450256010597798, 47.93792708472504 ], [ 108.449399849885594, 47.937882442044078 ], [ 108.448013020206133, 47.937605994446024 ], [ 108.446238348945201, 47.937392003443918 ], [ 108.444766867756854, 47.937454404948909 ], [ 108.443785871747295, 47.937605967431836 ], [ 108.443250779870525, 47.937900326426607 ], [ 108.442693390732231, 47.937989500033737 ], [ 108.44197097070726, 47.938051928703707 ], [ 108.44136903735567, 47.938395236396374 ], [ 108.440602028046953, 47.938649413037396 ], [ 108.440388013269654, 47.939117664845774 ], [ 108.440490600555449, 47.939746360304518 ], [ 108.440017984683422, 47.940491071564267 ], [ 108.439407007490772, 47.940963709179528 ], [ 108.438457266796632, 47.941035069379772 ], [ 108.437097168913297, 47.940624793980149 ], [ 108.435264478138649, 47.940219069934791 ], [ 108.434180947463176, 47.940085263360523 ], [ 108.432210061656576, 47.93994705478206 ], [ 108.431122023302152, 47.940357292256238 ], [ 108.430515542204489, 47.940896820580249 ], [ 108.430515525258002, 47.941507702861102 ], [ 108.430444225303845, 47.94212306665078 ], [ 108.42963262259606, 47.942323723938898 ], [ 108.429017307761782, 47.942461935902365 ], [ 108.427933743421818, 47.942461984199191 ], [ 108.427117757811445, 47.942185524643385 ], [ 108.425967252377717, 47.941913502276584 ], [ 108.424469014666457, 47.942185490876369 ], [ 108.422912796782938, 47.942051718700696 ], [ 108.421552740648593, 47.942123046993302 ], [ 108.420464720165555, 47.941984846878405 ], [ 108.419381166450108, 47.941984811680555 ], [ 108.418837212899561, 47.942390610536222 ], [ 108.418293239359684, 47.942662649628808 ], [ 108.41768675284105, 47.942662601880336 ], [ 108.416937607054422, 47.942796434702544 ], [ 108.41680382658673, 47.943474204856962 ], [ 108.416192951970444, 47.943813068866937 ], [ 108.415037993495986, 47.944089524395139 ], [ 108.413949989178207, 47.944089539887429 ], [ 108.412661340629512, 47.944156421426563 ], [ 108.411033747732716, 47.944156416361977 ], [ 108.40981200090782, 47.94375062322387 ], [ 108.408862157630423, 47.943683756366582 ], [ 108.407841038511577, 47.94408953733268 ], [ 108.407163292942869, 47.94470045243223 ], [ 108.406347246306467, 47.944972405279898 ], [ 108.40539738635438, 47.94476284395224 ], [ 108.404514497608034, 47.944633553022712 ], [ 108.403702981958716, 47.944762852950802 ], [ 108.402748717888016, 47.944700409986822 ], [ 108.401665126270785, 47.944700431093082 ], [ 108.400920503491477, 47.94490109789303 ], [ 108.400581643934188, 47.945445116626971 ], [ 108.400782306326562, 47.945989124654183 ], [ 108.400233795608813, 47.946163039644738 ], [ 108.399221575351135, 47.946122877350454 ], [ 108.398071129536305, 47.946800693939629 ], [ 108.397107977028554, 47.947870831441719 ], [ 108.395667673216153, 47.948102751556625 ], [ 108.394454834785805, 47.948428217572307 ], [ 108.393714627971278, 47.948985591469558 ], [ 108.393389136926501, 47.949636646199551 ], [ 108.392644417782265, 47.949819467795635 ], [ 108.392265394477519, 47.951050221045101 ], [ 108.390860748847544, 47.951741364360572 ], [ 108.390356926703475, 47.952450347602792 ], [ 108.390182993636188, 47.953012169910942 ], [ 108.389447216755912, 47.953359986833163 ], [ 108.388698095309238, 47.953426915949095 ], [ 108.387806242090576, 47.953591860269675 ], [ 108.387208805165898, 47.953890628720998 ], [ 108.387101741285946, 47.95439899376013 ], [ 108.387333673720164, 47.954764634661274 ], [ 108.387427217425312, 47.955134726521123 ], [ 108.387182028554349, 47.955602914797815 ], [ 108.386401698154103, 47.956271797814388 ], [ 108.385563315029884, 47.956160323250316 ], [ 108.384667145495897, 47.956187097787733 ], [ 108.383788621190064, 47.956445705961613 ], [ 108.382910213114229, 47.956699914121856 ], [ 108.382317150354027, 47.957181466432772 ], [ 108.381313838677073, 47.957627337891246 ], [ 108.380569132158428, 47.957792345328372 ], [ 108.37988695956011, 47.957993013260868 ], [ 108.379271553444184, 47.958015280908086 ], [ 108.378509112058978, 47.957943991721869 ], [ 108.378286135008082, 47.957721006424109 ], [ 108.377782237804624, 47.95740886313375 ], [ 108.376943958533175, 47.957252789259257 ], [ 108.376908198526692, 47.956695396192856 ], [ 108.376328592597915, 47.95629408577561 ], [ 108.375280730194532, 47.956044403258467 ], [ 108.374032091653348, 47.955946269722872 ], [ 108.373604052184703, 47.955723349355971 ], [ 108.373572811672204, 47.955219427460662 ], [ 108.373144727107203, 47.95504555870729 ], [ 108.372252907233701, 47.955067845974504 ], [ 108.371820362077116, 47.954804750007796 ], [ 108.371254164879801, 47.95459074867437 ], [ 108.37049163543692, 47.954563946492463 ], [ 108.369885104543627, 47.954769071983684 ], [ 108.369416939018009, 47.954969772486031 ], [ 108.368511753642196, 47.95485383132015 ], [ 108.368012416250721, 47.954635333985443 ], [ 108.367053653807474, 47.954666526312586 ], [ 108.366580951706766, 47.954911769677302 ], [ 108.366001303005504, 47.95543798832108 ], [ 108.364846346153755, 47.956860408387463 ], [ 108.363709302702915, 47.957408838546876 ], [ 108.363361531575904, 47.957324124980801 ], [ 108.362875472914197, 47.957292929941111 ], [ 108.362433979155867, 47.957859276371209 ], [ 108.361702738836541, 47.958345304256433 ], [ 108.360654857648314, 47.959210338820668 ], [ 108.359250246334625, 47.959852483688053 ], [ 108.357992770955406, 47.960677359388264 ], [ 108.356601538530555, 47.961600442595334 ], [ 108.35580781148866, 47.962081996509447 ], [ 108.354875832194438, 47.962621580424369 ], [ 108.354327393584327, 47.963705088783037 ], [ 108.352909410106776, 47.964164437005735 ], [ 108.351968500673152, 47.964561306603592 ], [ 108.351179251417221, 47.965185567888156 ], [ 108.350318602760737, 47.965720621217791 ], [ 108.349814714052428, 47.966474237206285 ], [ 108.348664369219776, 47.966830964890072 ], [ 108.348098013595006, 47.967638076233925 ], [ 108.34701888433807, 47.968088402278426 ], [ 108.346470462469568, 47.968578894364015 ], [ 108.346042332966505, 47.968846477965066 ], [ 108.345739156867566, 47.969091735827973 ], [ 108.345489434371203, 47.969296858587612 ], [ 108.344481631927891, 47.969626835167503 ], [ 108.343968842551092, 47.969653595563194 ], [ 108.343068173475515, 47.969693698733963 ], [ 108.34297895195229, 47.969698178456468 ], [ 108.341975625942595, 47.969742780482477 ], [ 108.340356958596573, 47.969658024257008 ], [ 108.339969106143201, 47.969586690145164 ], [ 108.339260096438224, 47.969341409670804 ], [ 108.339179792725446, 47.969310207345615 ], [ 108.33899698015145, 47.969064954946795 ], [ 108.338894429593168, 47.968922297753295 ], [ 108.33836823692171, 47.968770671201348 ], [ 108.337873284215561, 47.968650288810991 ], [ 108.33758346572651, 47.968574427207294 ], [ 108.336919056462179, 47.968596781833149 ], [ 108.336620299257774, 47.968601195040193 ], [ 108.335942456958179, 47.96909615960184 ], [ 108.335603646907614, 47.969840858539619 ], [ 108.334613629927546, 47.970433899105899 ], [ 108.334372841560167, 47.970594407045034 ], [ 108.33387345594673, 47.97093335264762 ], [ 108.333860117339881, 47.971798365729754 ], [ 108.334034059967976, 47.972106098242222 ], [ 108.334078632857796, 47.972177404652193 ], [ 108.333976029925523, 47.972529698402681 ], [ 108.333418634671091, 47.972935461806756 ], [ 108.332308351779531, 47.973662276699756 ], [ 108.331978315262319, 47.973827259196902 ], [ 108.331728681669489, 47.973952123617501 ], [ 108.331122185822935, 47.974255370239476 ], [ 108.330984039076867, 47.974268759489419 ], [ 108.330208096013109, 47.974322248324 ], [ 108.330029754396719, 47.974331167573077 ], [ 108.328531402950702, 47.974072514684174 ], [ 108.32829069886219, 47.974090377191217 ], [ 108.32668980753013, 47.974179530384568 ], [ 108.326319694783038, 47.974197382345253 ], [ 108.324241819693285, 47.973911978504333 ], [ 108.323849432189164, 47.973747055000082 ], [ 108.322913032860029, 47.9733501716074 ], [ 108.322146053932173, 47.973229753430367 ], [ 108.321940914684291, 47.973198554163339 ], [ 108.32087522172435, 47.973372485669003 ], [ 108.320598736528169, 47.973417076976226 ], [ 108.320317840825481, 47.97335906340188 ], [ 108.320010063484631, 47.973301101929863 ], [ 108.319403655304427, 47.97284181745281 ], [ 108.318725911420785, 47.972346873786648 ], [ 108.317628979975822, 47.972329023680402 ], [ 108.316799584800279, 47.972444953147061 ], [ 108.315996899077788, 47.972939954219285 ], [ 108.314899970010487, 47.972975573370682 ], [ 108.313936845035883, 47.973002355838922 ], [ 108.31253215174101, 47.973648904572869 ], [ 108.312434177181402, 47.973693537086191 ], [ 108.312126408152423, 47.973894146535109 ], [ 108.31070396739814, 47.974826090579199 ], [ 108.309544576571156, 47.975856181196654 ], [ 108.307774366104013, 47.977416824539738 ], [ 108.306659585644098, 47.978130349835219 ], [ 108.306383098023929, 47.97830869874339 ], [ 108.306351848684471, 47.978326493342387 ], [ 108.306021952961459, 47.978397875017649 ], [ 108.305972909073816, 47.978402351028109 ], [ 108.305736516740325, 47.978455848805737 ], [ 108.30562062093604, 47.978482570512519 ], [ 108.304951737641588, 47.978625261712622 ], [ 108.303988576260792, 47.978607425022538 ], [ 108.302267303187875, 47.9778805896471 ], [ 108.301460240735253, 47.977341098477844 ], [ 108.300751208659889, 47.976908498111172 ], [ 108.300693321648453, 47.97694863525129 ], [ 108.299324351733119, 47.976730165187476 ], [ 108.298165006657555, 47.976721275609933 ], [ 108.296278771757216, 47.977421332997999 ], [ 108.294575459136425, 47.97803668923806 ], [ 108.292247730647603, 47.979780169530422 ], [ 108.292176363809205, 47.979838139358272 ], [ 108.29126676235137, 47.980444577416861 ], [ 108.290878842414713, 47.98069431176318 ], [ 108.290441860710899, 47.980743333892299 ], [ 108.290183188206584, 47.980770075057549 ], [ 108.289023859255266, 47.980877133511292 ], [ 108.28691024371436, 47.981064388967006 ], [ 108.284948227109567, 47.981644082715995 ], [ 108.284707380229108, 47.981639607072538 ], [ 108.282901475770373, 47.98162180505259 ], [ 108.282691956136517, 47.981617332910112 ], [ 108.282535863202199, 47.981648523915418 ], [ 108.281969564672949, 47.98176897767916 ], [ 108.281073283383648, 47.981947309972114 ], [ 108.280912692314118, 47.981978534532267 ], [ 108.279490270411813, 47.981929464103118 ], [ 108.278491474313199, 47.982393213327782 ], [ 108.278602884286457, 47.982674131588297 ], [ 108.27864309884437, 47.982776716479677 ], [ 108.278339772892011, 47.9830932684172 ], [ 108.277042208978742, 47.982950623763095 ], [ 108.276524950217592, 47.982919358839077 ], [ 108.275321063373113, 47.983218142453765 ], [ 108.274455944301621, 47.983351934646223 ], [ 108.273590849638879, 47.984096573780306 ], [ 108.273421447695398, 47.984243735961897 ], [ 108.273390176303892, 47.98431955645102 ], [ 108.273087059233831, 47.985122194830382 ], [ 108.273167275002635, 47.985742003489918 ], [ 108.272770383002481, 47.986303862371386 ], [ 108.272395881990434, 47.986963823810619 ], [ 108.271722505103128, 47.987168899188262 ], [ 108.230257368090264, 47.987766432156796 ], [ 108.218195461144134, 47.958423326505432 ], [ 108.206133570812753, 47.929080172927677 ], [ 108.212145582590153, 47.868040686402473 ], [ 108.218157533320436, 47.807001191636239 ], [ 108.224169594621486, 47.74596166022279 ], [ 108.230181532344346, 47.684922131417807 ], [ 108.241226687865918, 47.684583243355014 ], [ 108.267488614443906, 47.675364015542357 ], [ 108.29375048131476, 47.666144857826261 ], [ 108.33749424092511, 47.672411012955628 ], [ 108.381238043270486, 47.678677177372059 ], [ 108.424981793842846, 47.684943295274721 ], [ 108.46872559287975, 47.691209434018603 ], [ 108.467071256492346, 47.689439232713973 ], [ 108.464458242516486, 47.686001219384323 ], [ 108.463352365389355, 47.684908734254833 ], [ 108.463075956591069, 47.68402137084707 ], [ 108.463294449492324, 47.682679202684596 ], [ 108.464079270680571, 47.6818810355661 ], [ 108.464721369050153, 47.68095350105127 ], [ 108.465131555698548, 47.679901177081753 ], [ 108.465100328441906, 47.679022724960866 ], [ 108.465283147783722, 47.678353876819351 ], [ 108.46501111738273, 47.677435285436061 ], [ 108.464021255245825, 47.676498881819015 ], [ 108.46134575013572, 47.674198000592078 ], [ 108.460097203458517, 47.672311800286067 ], [ 108.459299078138017, 47.669498126697739 ], [ 108.458585642717594, 47.666862746194113 ], [ 108.457912336364586, 47.666149339711787 ], [ 108.45709625393917, 47.664276505351005 ], [ 108.457172102490134, 47.663197371402944 ], [ 108.455486521617601, 47.661172923601377 ], [ 108.452686246071934, 47.659442791749385 ], [ 108.448392109067996, 47.6574942112115 ], [ 108.446376563422092, 47.656406145224707 ], [ 108.446118006359058, 47.655434092945221 ], [ 108.446603962194729, 47.653373959641314 ], [ 108.447406660271398, 47.650796639454384 ], [ 108.446933979869243, 47.64949455138423 ], [ 108.445587316977097, 47.648014187941705 ], [ 108.443638682932956, 47.646176974523385 ], [ 108.441850595322137, 47.643786924188106 ], [ 108.43918847522923, 47.642391225942205 ], [ 108.437993501222678, 47.641980985916987 ], [ 108.43697230774535, 47.641392350889149 ], [ 108.43666461952165, 47.641044556934666 ], [ 108.436553207397694, 47.640661082808002 ], [ 108.436736031417709, 47.640295471741773 ], [ 108.437498571272613, 47.64010818775732 ], [ 108.438323434909719, 47.638155060026016 ], [ 108.437645686049194, 47.635925494031511 ], [ 108.43425670977085, 47.632104046875142 ], [ 108.429440918887479, 47.628380739224994 ], [ 108.425124540877121, 47.626146706175426 ], [ 108.420018802233216, 47.624661852517264 ], [ 108.413784986967073, 47.6242738701634 ], [ 108.412184253519499, 47.623703158310306 ], [ 108.409852099532245, 47.621897193881367 ], [ 108.408920093043619, 47.620769027445881 ], [ 108.408438554383807, 47.61946698103521 ], [ 108.408278040168071, 47.618633108262131 ], [ 108.407729552047414, 47.617348887205054 ], [ 108.407047298286827, 47.616836090679804 ], [ 108.406757474783035, 47.616002273218221 ], [ 108.407007171673271, 47.61491867739732 ], [ 108.407720611209385, 47.613902040836003 ], [ 108.408505416950675, 47.61290765156172 ], [ 108.409883343465282, 47.611008082920492 ], [ 108.409869939680874, 47.609817490509286 ], [ 108.408902322431231, 47.60900596225801 ], [ 108.407667147830352, 47.60807398628593 ], [ 108.410293571821839, 47.607333802034091 ], [ 108.410815230085021, 47.606259124996626 ], [ 108.410815227693234, 47.605242454114148 ], [ 108.410253388352459, 47.6036683982285 ], [ 108.409348237080039, 47.601800015552207 ], [ 108.408122012536978, 47.599980725349667 ], [ 108.40825575276493, 47.599008659092583 ], [ 108.406159991189952, 47.596431266990159 ], [ 108.405535701657996, 47.594482650927219 ], [ 108.405660577321186, 47.593760297253631 ], [ 108.406142095402544, 47.593002202418802 ], [ 108.406967118575082, 47.592409177703992 ], [ 108.407899040884857, 47.591414808292228 ], [ 108.408255683476327, 47.590059183050428 ], [ 108.408848731092874, 47.588074887349954 ], [ 108.409450771229146, 47.586090638561807 ], [ 108.409606844954965, 47.584124145355382 ], [ 108.410240018929414, 47.5827596877837 ], [ 108.411452948475088, 47.580949257428671 ], [ 108.41221095053622, 47.57904522661309 ], [ 108.412322446753237, 47.576864745638176 ], [ 108.412933355240753, 47.576075443577153 ], [ 108.414181924911617, 47.575397696667537 ], [ 108.415916448787584, 47.574577253777022 ], [ 108.417111494773962, 47.573346508237748 ], [ 108.417544026809836, 47.572245085285495 ], [ 108.417472654938464, 47.571174906342314 ], [ 108.416732488738091, 47.569917458902353 ], [ 108.414123946815408, 47.567710200690684 ], [ 108.412982435159762, 47.566631094566979 ], [ 108.41300917886322, 47.565583234347315 ], [ 108.413432754154528, 47.564825130682863 ], [ 108.414810573655274, 47.563697026008398 ], [ 108.415341265651051, 47.563068233752098 ], [ 108.416308851755403, 47.561940088958927 ], [ 108.416955404855315, 47.559929070268865 ], [ 108.416848440528966, 47.559121943138102 ], [ 108.416300017537253, 47.557623734334499 ], [ 108.414672333045857, 47.556085323878875 ], [ 108.413829654124967, 47.554943789203158 ], [ 108.413856390056864, 47.553998472524214 ], [ 108.414516266406139, 47.553070966446455 ], [ 108.416001199762519, 47.551987436975686 ], [ 108.417932036367461, 47.551073315682878 ], [ 108.418712293149881, 47.550123526224915 ], [ 108.418886186924823, 47.549133566506974 ], [ 108.417829420825484, 47.547653166181327 ], [ 108.416175093441453, 47.546159377037966 ], [ 108.415577584259296, 47.545062455088974 ], [ 108.415720286077871, 47.543920851995985 ], [ 108.416291035133852, 47.542783845321054 ], [ 108.416674529436065, 47.541281080029648 ], [ 108.416603134979738, 47.540581021344885 ], [ 108.416134942219244, 47.540014731541532 ], [ 108.414119437896275, 47.538873202468501 ], [ 108.412433939785501, 47.537967995295496 ], [ 108.411818561448584, 47.537334779144409 ], [ 108.411724962924694, 47.536692702831409 ], [ 108.412005856092932, 47.535823125851209 ], [ 108.412888754740194, 47.534641533033721 ], [ 108.414239807928624, 47.532964877555173 ], [ 108.415849559794509, 47.530837903063755 ], [ 108.416255358759031, 47.530035225328881 ], [ 108.416335601586866, 47.529464500232791 ], [ 108.414618885995239, 47.527747719512114 ], [ 108.412126270053051, 47.525857054285986 ], [ 108.411403871009995, 47.524291891246214 ], [ 108.41094460838849, 47.522048986270228 ], [ 108.410917827298448, 47.52055521860968 ], [ 108.411283413059806, 47.519895243527884 ], [ 108.412095021383507, 47.518784966485654 ], [ 108.412741606531966, 47.517612216585412 ], [ 108.412853078097413, 47.516987893558486 ], [ 108.412491937025493, 47.516470675780717 ], [ 108.410654759000778, 47.515110629062029 ], [ 108.410182078885398, 47.514486377273748 ], [ 108.410066104584033, 47.514031544818856 ], [ 108.410440717727738, 47.513545492058455 ], [ 108.411390438990878, 47.512854349384199 ], [ 108.412054936217558, 47.512256807349445 ], [ 108.412407146716475, 47.510482087695806 ], [ 108.412144034468042, 47.509077472295438 ], [ 108.412277855845559, 47.508497789905206 ], [ 108.412955675057404, 47.507320609331373 ], [ 108.413798338672478, 47.505630583192527 ], [ 108.413927704263301, 47.503931658377439 ], [ 108.412701416644381, 47.502638542747469 ], [ 108.411889919601862, 47.501670875462885 ], [ 108.410155326404109, 47.498598599542085 ], [ 108.407377284527087, 47.497015642071148 ], [ 108.406044037233798, 47.496230793875881 ], [ 108.405156639868494, 47.49435795903193 ], [ 108.4046705886377, 47.491718164745727 ], [ 108.404148925057441, 47.490982432257184 ], [ 108.403323941472891, 47.490420605144436 ], [ 108.402218086761451, 47.489876609323431 ], [ 108.402191360085808, 47.489457456701452 ], [ 108.402490120527645, 47.488895579947304 ], [ 108.402936016357543, 47.48801269943624 ], [ 108.404697312419131, 47.486287000389645 ], [ 108.40678428560409, 47.48411543430467 ], [ 108.409397244811174, 47.480775579454495 ], [ 108.411693712861421, 47.479388803164738 ], [ 108.414676804113455, 47.477569486261444 ], [ 108.417753579213752, 47.476124709936627 ], [ 108.419452583536739, 47.47562531587743 ], [ 108.421151467299424, 47.474952013300374 ], [ 108.422056688393539, 47.474073565046929 ], [ 108.422493617560193, 47.472646660470929 ], [ 108.422926168491131, 47.470408187416901 ], [ 108.423479102943034, 47.470029103059041 ], [ 108.424125646713676, 47.469801713191004 ], [ 108.424758837890181, 47.469962225356134 ], [ 108.425820087402684, 47.470622191232941 ], [ 108.42715340570301, 47.471304410663222 ], [ 108.428687362965277, 47.471710167750423 ], [ 108.430421927804659, 47.471808338105632 ], [ 108.431960283965054, 47.471580892876688 ], [ 108.433650291160632, 47.470961106090968 ], [ 108.434644715777907, 47.469766018893694 ], [ 108.435277871966235, 47.466666964972433 ], [ 108.435897703886852, 47.46602041846365 ], [ 108.436811859405282, 47.465721660277786 ], [ 108.43719970277148, 47.46625225305938 ], [ 108.437346942607462, 47.467090561597928 ], [ 108.437124019472904, 47.468000263417935 ], [ 108.436900969847727, 47.468602229757849 ], [ 108.436731572306755, 47.469574263460487 ], [ 108.437173024234284, 47.47026548249957 ], [ 108.437966731422677, 47.470862997700941 ], [ 108.439536342350422, 47.470760420873326 ], [ 108.440762611067072, 47.469583243189291 ], [ 108.442341130723875, 47.46813844925412 ], [ 108.44318831311989, 47.466970160423045 ], [ 108.443166037495928, 47.464745093401746 ], [ 108.443268566059544, 47.463041748514925 ], [ 108.443732382060659, 47.462154366576023 ], [ 108.444610768069907, 47.460830028587665 ], [ 108.445756717741446, 47.459848985422063 ], [ 108.446425672289379, 47.458814502087861 ], [ 108.445854914442307, 47.457164630631105 ], [ 108.444717770717247, 47.455224935323528 ], [ 108.444102462210552, 47.454226054633637 ], [ 108.4440801285985, 47.453392264321565 ], [ 108.444155971394835, 47.452188230580184 ], [ 108.444682129210875, 47.451265199012106 ], [ 108.445498124118259, 47.450663271288143 ], [ 108.447464594060747, 47.449677763282708 ], [ 108.44938648715646, 47.448500583425975 ], [ 108.45191484371928, 47.447140572714346 ], [ 108.453194543295851, 47.446774909679384 ], [ 108.455575787333828, 47.445789481854327 ], [ 108.455540066646975, 47.445258787118917 ], [ 108.455812076367835, 47.44468807403333 ], [ 108.456694917392014, 47.44398354640569 ], [ 108.457662546824835, 47.442998042713825 ], [ 108.457921169195089, 47.44219990457708 ], [ 108.457805286533471, 47.441455232802291 ], [ 108.45707401868772, 47.440331541461155 ], [ 108.457100752933925, 47.439698315199003 ], [ 108.457448504778114, 47.438712842673254 ], [ 108.458153069846176, 47.437896845576958 ], [ 108.459125126668624, 47.436362918432067 ], [ 108.460275614381217, 47.435609289534405 ], [ 108.4617604730106, 47.434008508685835 ], [ 108.461934355646434, 47.432523631947298 ], [ 108.46143939435656, 47.430833651940866 ], [ 108.460864234177265, 47.429014309409567 ], [ 108.460966761095634, 47.427796955593195 ], [ 108.461831874167387, 47.426994346620241 ], [ 108.463165073931179, 47.426423589372028 ], [ 108.464748106658533, 47.426098077833679 ], [ 108.466620897855478, 47.425915265733053 ], [ 108.468391208554877, 47.424898592828519 ], [ 108.469951878748063, 47.422856293040617 ], [ 108.470321972691579, 47.421540841740978 ], [ 108.470344250331351, 47.419761672459501 ], [ 108.470638610031713, 47.418669212259346 ], [ 108.471476842934095, 47.41746082001476 ], [ 108.472707623630924, 47.416671514086154 ], [ 108.473639586991183, 47.416176575226814 ], [ 108.473808957696036, 47.415333830645984 ], [ 108.473541380785761, 47.413291517264106 ], [ 108.473487893870015, 47.411111060667579 ], [ 108.474022973604434, 47.410192447558053 ], [ 108.475864619398351, 47.408239346481032 ], [ 108.477193471121723, 47.407543758716287 ], [ 108.478156574004288, 47.406799046615959 ], [ 108.478517801886881, 47.404672075330666 ], [ 108.478384032233876, 47.403338849307687 ], [ 108.478856645091156, 47.402175011514224 ], [ 108.479378443575129, 47.401720181907507 ], [ 108.479842183034293, 47.401800422230195 ], [ 108.480198875422076, 47.402380143733737 ], [ 108.480756256219237, 47.402455920885266 ], [ 108.480341583542298, 47.39963779209485 ], [ 108.480760677355732, 47.397648999654855 ], [ 108.481063966960875, 47.395602270540657 ], [ 108.481630217397083, 47.393127475219288 ], [ 108.482459616144169, 47.39102721965736 ], [ 108.483422779193958, 47.389114261276092 ], [ 108.483565423142764, 47.38684011378237 ], [ 108.483596719734564, 47.385248250364391 ], [ 108.484229921175725, 47.384360912093499 ], [ 108.485817316868037, 47.383914975655017 ], [ 108.487177412319284, 47.383888231880981 ], [ 108.48921967970432, 47.384191452068144 ], [ 108.490820496482726, 47.384320760814994 ], [ 108.491814867986648, 47.384093320185833 ], [ 108.492519336449192, 47.383513659936945 ], [ 108.492550597702035, 47.381921772080382 ], [ 108.492679931262487, 47.381016528312223 ], [ 108.49354946223589, 47.379580726926555 ], [ 108.494008689134418, 47.378118138722179 ], [ 108.494521479921673, 47.377159397466258 ], [ 108.49557386102029, 47.376486087825519 ], [ 108.49808878214202, 47.375808339163569 ], [ 108.501045153667519, 47.375527397715878 ], [ 108.505745040228803, 47.374778279513443 ], [ 108.507287904491577, 47.373993455419729 ], [ 108.508951197725878, 47.372829629538458 ], [ 108.510623325712785, 47.371853070864432 ], [ 108.512451514678972, 47.371126282984541 ], [ 108.513477183693965, 47.370265660242161 ], [ 108.513503936201431, 47.369275730806784 ], [ 108.512892942899256, 47.367126436854832 ], [ 108.512977702800754, 47.365623728610416 ], [ 108.513601948265915, 47.364388572130451 ], [ 108.514364569144661, 47.363853501121326 ], [ 108.515586288202044, 47.363452171715792 ], [ 108.518440117288279, 47.36301072755689 ], [ 108.520419952504483, 47.362328453186485 ], [ 108.522337425762458, 47.360865890669523 ], [ 108.523746441788703, 47.358747786337439 ], [ 108.524170084121693, 47.356420162726316 ], [ 108.524508913923626, 47.355341041476031 ], [ 108.526020638364557, 47.354146034842785 ], [ 108.528009364618768, 47.353668869526672 ], [ 108.530372697606197, 47.353918582803928 ], [ 108.531804049771651, 47.354957563727282 ], [ 108.533645627510495, 47.356527152082229 ], [ 108.534515235348138, 47.356883904981125 ], [ 108.536495071801454, 47.356919588418002 ], [ 108.538519481670662, 47.356344322447271 ], [ 108.540209475989158, 47.354921886144645 ], [ 108.539950848223256, 47.352442608832298 ], [ 108.539072365318262, 47.350391447417365 ], [ 108.538430290380433, 47.347898779967338 ], [ 108.538024506519207, 47.346115135188185 ], [ 108.538497150981073, 47.34405949901258 ], [ 108.539763491804138, 47.342650439943533 ], [ 108.542541571720207, 47.340679501474938 ], [ 108.545194748006438, 47.339640578099242 ], [ 108.548588048905046, 47.339092082117574 ], [ 108.549631532939486, 47.335605053174625 ], [ 108.548646100446618, 47.333750105140076 ], [ 108.548481100432028, 47.332372209522553 ], [ 108.547874653962978, 47.329964343964164 ], [ 108.546581497383968, 47.327172891544762 ], [ 108.546581515708951, 47.325888650485822 ], [ 108.546050879200507, 47.324573268934778 ], [ 108.545671797554064, 47.324252180974682 ], [ 108.544909410397509, 47.323944533081551 ], [ 108.543700949503517, 47.323730446146726 ], [ 108.543179213273547, 47.322816382489634 ], [ 108.543023108552603, 47.321732831001583 ], [ 108.54299639738089, 47.320698307561884 ], [ 108.543651937749075, 47.319766361706954 ], [ 108.544592713231538, 47.319333811057199 ], [ 108.546024096829754, 47.31932044884303 ], [ 108.547161189652016, 47.319342766410955 ], [ 108.547629370710141, 47.319101910357382 ], [ 108.548168978047968, 47.317991639783273 ], [ 108.549359492732592, 47.316863469915923 ], [ 108.552075094785991, 47.314656231961798 ], [ 108.553145255010307, 47.313563708256623 ], [ 108.55358671441715, 47.312034275628953 ], [ 108.553635848038553, 47.31085261483404 ], [ 108.553002566162178, 47.309581753921307 ], [ 108.552507698252256, 47.308507121045999 ], [ 108.552668186375016, 47.307731249171354 ], [ 108.553345946306848, 47.307164919680723 ], [ 108.555134077331715, 47.30676361648085 ], [ 108.557091624098277, 47.305871796577577 ], [ 108.558549754008794, 47.304935396366417 ], [ 108.560288768750468, 47.30385180710951 ], [ 108.561358953105852, 47.302817311219385 ], [ 108.561363395327845, 47.302326823048119 ], [ 108.560734657988348, 47.30174713203531 ], [ 108.560128259660971, 47.300846381146151 ], [ 108.560021233045731, 47.299276757613875 ], [ 108.560716896821503, 47.297702728979907 ], [ 108.561724687547525, 47.296382842091674 ], [ 108.562442472871425, 47.295129794930006 ], [ 108.562250730301173, 47.29416217355314 ], [ 108.560939842718184, 47.293484413730404 ], [ 108.559851765315116, 47.292316141494602 ], [ 108.559851743608561, 47.291080939583843 ], [ 108.560886292300324, 47.289555900362032 ], [ 108.563258552177544, 47.287821342602584 ], [ 108.564667580786733, 47.286916127012724 ], [ 108.56517595547497, 47.285694373443327 ], [ 108.565238409693634, 47.284062340659524 ], [ 108.565876062310195, 47.28295200165104 ], [ 108.567458967050712, 47.282100316001824 ], [ 108.569420966802312, 47.281810468939163 ], [ 108.571806644397626, 47.282135998350981 ], [ 108.573674974044053, 47.282153833295503 ], [ 108.574874475627013, 47.281792623335036 ], [ 108.575748557565518, 47.28123973539288 ], [ 108.576114178399479, 47.280423704370605 ], [ 108.575695011723397, 47.279233079684197 ], [ 108.575391736471687, 47.277837395693993 ], [ 108.575333787890045, 47.276071589399301 ], [ 108.575690580332946, 47.27470713334889 ], [ 108.576814194798573, 47.273895586707972 ], [ 108.578941235152328, 47.272887776358715 ], [ 108.580987898398334, 47.271853287300843 ], [ 108.58125547908601, 47.270988225260218 ], [ 108.580519724263922, 47.268517857530085 ], [ 108.579899926753072, 47.264745479171225 ], [ 108.580327961927068, 47.263844783070574 ], [ 108.581010212712656, 47.263158079827598 ], [ 108.581928867636677, 47.262908362992356 ], [ 108.58300785102675, 47.263233848040372 ], [ 108.584158356296456, 47.263363175113959 ], [ 108.584813824533185, 47.262845893028228 ], [ 108.585910813879764, 47.261592922610184 ], [ 108.587203916272955, 47.259086873887604 ], [ 108.58860409493829, 47.255140566417381 ], [ 108.590075632084705, 47.252215444053896 ], [ 108.591319601446131, 47.251403838082823 ], [ 108.5927198084201, 47.251056026373298 ], [ 108.594084345157711, 47.251372658070501 ], [ 108.595551347772329, 47.252041514287257 ], [ 108.597366179644126, 47.252402736368182 ], [ 108.598320450541976, 47.252121772488962 ], [ 108.599297033398031, 47.251537647038788 ], [ 108.600260179277754, 47.250708256142815 ], [ 108.602801885559671, 47.248630323226458 ], [ 108.605419301334919, 47.247025031578296 ], [ 108.608277654611825, 47.244278192193811 ], [ 108.611216163731328, 47.240229345645837 ], [ 108.612130328850498, 47.238178173254724 ], [ 108.612522692899859, 47.236171569275825 ], [ 108.612335424499094, 47.234544016120147 ], [ 108.611448046203151, 47.233491691242818 ], [ 108.609026717461305, 47.231962201675501 ], [ 108.608295468093402, 47.23074035371188 ], [ 108.608429233677526, 47.229130641017512 ], [ 108.609089144256856, 47.228140751279561 ], [ 108.612206103294227, 47.226160902913136 ], [ 108.615474596232218, 47.225224462394365 ], [ 108.618332843769167, 47.224774086894293 ], [ 108.620598106458942, 47.224649287222697 ], [ 108.622087436437269, 47.224408452877761 ], [ 108.623148767979899, 47.223900142517884 ], [ 108.623657109009301, 47.22297265562208 ], [ 108.624245653540839, 47.220355144659301 ], [ 108.62440170863114, 47.217273896039742 ], [ 108.624468623842219, 47.214643034504256 ], [ 108.625177686182298, 47.211963137713802 ], [ 108.626060541831635, 47.210634328645241 ], [ 108.627483005176614, 47.209399098419347 ], [ 108.628780577828294, 47.208801649184338 ], [ 108.630345733200542, 47.20850286477706 ], [ 108.632704567109499, 47.207927645606901 ], [ 108.634073517191112, 47.207165111930934 ], [ 108.634403490633062, 47.205412705887468 ], [ 108.634514980832208, 47.203526504562625 ], [ 108.634818226773717, 47.202603457872804 ], [ 108.635843778183585, 47.20212634009976 ], [ 108.638175843863323, 47.201247874539064 ], [ 108.641306233359373, 47.200043964607865 ], [ 108.642929312580506, 47.198857822074281 ], [ 108.643794382564352, 47.197221298265127 ], [ 108.644418659896644, 47.195098772362442 ], [ 108.645065187507299, 47.193225938992207 ], [ 108.646197866649231, 47.19196850827494 ], [ 108.648275820215105, 47.190349850730328 ], [ 108.649791883613602, 47.188753473778384 ], [ 108.650536601754567, 47.18717945323759 ], [ 108.650572254482356, 47.184713558189863 ], [ 108.650371545862285, 47.182978947878901 ], [ 108.650710480734659, 47.18141829850277 ], [ 108.650812979925519, 47.179946767428198 ], [ 108.650135213916897, 47.178363755644611 ], [ 108.649466349169032, 47.176914604605265 ], [ 108.649716097245218, 47.176437479839038 ], [ 108.650625767317919, 47.176045067484502 ], [ 108.652476247229657, 47.175768625048036 ], [ 108.65533455024655, 47.174872326740925 ], [ 108.656730209049869, 47.173886884871578 ], [ 108.657332222558026, 47.172348460647292 ], [ 108.655468269283332, 47.170243793884175 ], [ 108.654683524109203, 47.168941681487198 ], [ 108.654977813973488, 47.167907187621012 ], [ 108.655945388177983, 47.166431224803738 ], [ 108.65711374083584, 47.164776892939898 ], [ 108.657367846998412, 47.163760237848464 ], [ 108.656881841933128, 47.162444826209445 ], [ 108.656917544768291, 47.161499474228755 ], [ 108.657818229279769, 47.160331151319717 ], [ 108.658901808846196, 47.159586493258026 ], [ 108.6594280061326, 47.158275533187776 ], [ 108.659178279841001, 47.156362606640222 ], [ 108.65863872455509, 47.154681528770595 ], [ 108.658553994715248, 47.153762901690953 ], [ 108.659289734746025, 47.152625868449071 ], [ 108.660524852929896, 47.150868952127183 ], [ 108.66106006244236, 47.149656113527669 ], [ 108.661060037078641, 47.148247020948823 ], [ 108.660837027319545, 47.146788927142467 ], [ 108.660194915651005, 47.145714232295092 ], [ 108.659334299370627, 47.144314086540113 ], [ 108.65903112906895, 47.14275340126661 ], [ 108.659717850190219, 47.141322000222942 ], [ 108.661247310004001, 47.139823752674943 ], [ 108.663418818885788, 47.138811553869893 ], [ 108.665006313442618, 47.138557420882549 ], [ 108.667369590749104, 47.138820478858811 ], [ 108.669041833446954, 47.138798193671676 ], [ 108.670410803548663, 47.138267576631684 ], [ 108.671164366409158, 47.13735342547529 ], [ 108.671034972103016, 47.136211900765836 ], [ 108.669804350201673, 47.134468418980468 ], [ 108.669229091032108, 47.133277809295045 ], [ 108.66945202749811, 47.132542096815399 ], [ 108.670343830379522, 47.131574434154416 ], [ 108.672733905136894, 47.130138637700064 ], [ 108.675561042204365, 47.128225652703641 ], [ 108.677059327623112, 47.126999418513392 ], [ 108.677505141867201, 47.126379607022336 ], [ 108.677380338920116, 47.125626008105129 ], [ 108.676278915126019, 47.124301657285251 ], [ 108.675391547937352, 47.12250912212366 ], [ 108.67532016890199, 47.121135658917382 ], [ 108.675739395686691, 47.12009227935966 ], [ 108.67658663752313, 47.119155866993459 ], [ 108.67864676147876, 47.117893924193133 ], [ 108.680827147237679, 47.117002085878951 ], [ 108.682138151594927, 47.115998779869351 ], [ 108.68274461437737, 47.114799333637848 ], [ 108.682432466104032, 47.112774882931113 ], [ 108.681638749951745, 47.110919860759935 ], [ 108.681277596575285, 47.109220960720194 ], [ 108.681420267460865, 47.107192054050323 ], [ 108.682633096539831, 47.105872180771023 ], [ 108.684211605092187, 47.103080764329263 ], [ 108.685290819706637, 47.10210424333512 ], [ 108.688140119070823, 47.100414274484606 ], [ 108.691373004734004, 47.097484632484971 ], [ 108.693330535188565, 47.096780094921584 ], [ 108.69677744895931, 47.096244988648472 ], [ 108.700786184817986, 47.095420068182271 ], [ 108.70419285848233, 47.094296372193945 ], [ 108.706132619130813, 47.092735634951744 ], [ 108.706636458086919, 47.091264183307025 ], [ 108.708536096925798, 47.089730228074913 ], [ 108.709472487513239, 47.088651137697589 ], [ 108.710163598574638, 47.086974515823279 ], [ 108.71037764723755, 47.085280093321849 ], [ 108.710150211300075, 47.082992542155502 ], [ 108.710698693989798, 47.081908951539823 ], [ 108.711158013015847, 47.080352779811101 ], [ 108.711456753578304, 47.07953228911331 ], [ 108.712259411788381, 47.07863599370684 ], [ 108.713837928673016, 47.077900236777722 ], [ 108.714667347867262, 47.07708421410009 ], [ 108.715001812746706, 47.075585981913235 ], [ 108.715385242794625, 47.074587108292683 ], [ 108.715889170971778, 47.073780058607156 ], [ 108.715866830276696, 47.072874827976065 ], [ 108.71535404576214, 47.071746688481106 ], [ 108.714868002815848, 47.070573933743105 ], [ 108.715104296950145, 47.069601855704633 ], [ 108.716245840253436, 47.068696681748342 ], [ 108.718355012902407, 47.06814821576296 ], [ 108.72109738988631, 47.068166028162452 ], [ 108.72180631580423, 47.06814821418628 ], [ 108.722372708512282, 47.067626499905941 ], [ 108.722858691913771, 47.066899622227901 ], [ 108.723366995364557, 47.063631109809492 ], [ 108.723705931980803, 47.063229799995177 ], [ 108.724343558050592, 47.062708061145038 ], [ 108.726260953000292, 47.062324595673566 ], [ 108.727603217020331, 47.061869784726618 ], [ 108.729587407470845, 47.060500805311122 ], [ 108.731406835197618, 47.05968481873348 ], [ 108.735437843729571, 47.058690416132968 ], [ 108.736953854697859, 47.05875284721327 ], [ 108.738559158684453, 47.058311427209681 ], [ 108.738808916374666, 47.057825336399709 ], [ 108.739544664344734, 47.055542291106939 ], [ 108.740320567704956, 47.054904643148546 ], [ 108.741992693617021, 47.054846653446312 ], [ 108.743366070556092, 47.055274789541699 ], [ 108.74590331176968, 47.055948076106581 ], [ 108.748752651374645, 47.055800945053832 ], [ 108.750621103633378, 47.055011679924881 ], [ 108.752163931260398, 47.052001796511142 ], [ 108.752725733069497, 47.051257146187879 ], [ 108.754183823926397, 47.050512430727167 ], [ 108.755191581348214, 47.049696414346293 ], [ 108.755900667954208, 47.048501409044341 ], [ 108.755543866681933, 47.047596204033589 ], [ 108.755031057916398, 47.046280742214684 ], [ 108.75381375480336, 47.045219466668264 ], [ 108.752079202435041, 47.044341068188487 ], [ 108.7516867557148, 47.044077958139191 ], [ 108.751508371986603, 47.043819329607693 ], [ 108.751490626220018, 47.043395737354039 ], [ 108.75213713773671, 47.042272045539143 ], [ 108.753465922232749, 47.040885245856337 ], [ 108.75422844049487, 47.039543023144596 ], [ 108.755561808515949, 47.038651255416163 ], [ 108.757947384745165, 47.037090559483147 ], [ 108.759570486806894, 47.035663601342627 ], [ 108.76115796863877, 47.034892237304419 ], [ 108.762348513238791, 47.033942415493357 ], [ 108.763521171591208, 47.032805328123118 ], [ 108.764564700460724, 47.031993803120415 ], [ 108.76690566243424, 47.031329392904624 ], [ 108.770620059019109, 47.030696178602845 ], [ 108.772903182828983, 47.029737527622402 ], [ 108.774990049579543, 47.028194622917475 ], [ 108.776769258590264, 47.026263856489571 ], [ 108.777866095750326, 47.024538160154378 ], [ 108.778891772810638, 47.023004231040311 ], [ 108.78035431667719, 47.022121338229496 ], [ 108.781843692134416, 47.021568395214288 ], [ 108.783475701138556, 47.020279737641708 ], [ 108.785598212329973, 47.018683347785242 ], [ 108.787096467913102, 47.018286521999002 ], [ 108.788505526087178, 47.018322187086056 ], [ 108.790262425224014, 47.019303176256443 ], [ 108.791832077286344, 47.019922974691099 ], [ 108.79271947623684, 47.020244075342688 ], [ 108.793468587175667, 47.020297597964699 ], [ 108.794462866213124, 47.019998791979575 ], [ 108.797142882621671, 47.018175065578205 ], [ 108.797874171542475, 47.016694603335715 ], [ 108.798837316112582, 47.015967769208615 ], [ 108.800072511796742, 47.015709121734332 ], [ 108.801196180859264, 47.015517402245003 ], [ 108.80194526801931, 47.015089344033882 ], [ 108.802524966812143, 47.014398179987936 ], [ 108.803073433501567, 47.012721534872867 ], [ 108.803390042876686, 47.011691513280788 ], [ 108.804148102178317, 47.010755116407907 ], [ 108.805748952141499, 47.009631420539776 ], [ 108.808317311103991, 47.007722901758051 ], [ 108.80900410784777, 47.007459850899373 ], [ 108.810092105591721, 47.007343900219503 ], [ 108.812339531925915, 47.007054055354835 ], [ 108.815095187631471, 47.006157790342044 ], [ 108.818363712460012, 47.005328335773726 ], [ 108.819746011653066, 47.004396434518071 ], [ 108.820869725944135, 47.003665146746151 ], [ 108.821837370343104, 47.003495650406457 ], [ 108.824878492319215, 47.003286076418739 ], [ 108.829069978364174, 47.002773327496847 ], [ 108.832539244096836, 47.002577107671208 ], [ 108.835366270541215, 47.002135624886279 ], [ 108.840525409209761, 46.999683144119729 ], [ 108.835682871091208, 46.9352134905306 ], [ 108.817697029486865, 46.916721575988348 ], [ 108.799711264661241, 46.898229687121507 ], [ 108.774321221024465, 46.874052451628678 ], [ 108.747173572331249, 46.863802054426671 ], [ 108.720026113745021, 46.853551740719915 ], [ 108.692878429856947, 46.84330134865494 ], [ 108.66573097999202, 46.833051027728338 ], [ 108.638583349474843, 46.822800615929943 ], [ 108.611435798991423, 46.812550296275553 ], [ 108.584288257942717, 46.802299925257714 ], [ 108.557140696000474, 46.792049581930193 ], [ 108.521947209310056, 46.79250664723299 ], [ 108.486753757253538, 46.792963668557441 ], [ 108.430465425696724, 46.80080281539221 ], [ 108.3741769939611, 46.808641862121988 ], [ 108.317888724495745, 46.816481010691689 ], [ 108.261600407406988, 46.824320083155683 ], [ 108.221307931071465, 46.826306592708377 ], [ 108.18101554260906, 46.82829315630768 ], [ 108.146437414624415, 46.825058094328348 ], [ 108.11185926331413, 46.821823010254107 ], [ 108.0677096803864, 46.818616889453963 ], [ 108.023560187001053, 46.81541083268533 ], [ 107.999617011326393, 46.798256644785504 ], [ 107.975673906148174, 46.781102461780868 ], [ 107.931151957451192, 46.780999923248665 ], [ 107.886630073640404, 46.78089739240756 ], [ 107.88428908097319, 46.780892900379698 ], [ 107.873605106283591, 46.755617597543072 ], [ 107.862921122487236, 46.730342323149557 ], [ 107.852237098714753, 46.705067028901709 ], [ 107.841553048688397, 46.679791735509902 ], [ 107.836023777968009, 46.558722678029596 ], [ 107.779446697121514, 46.558636817641549 ], [ 107.722869596502235, 46.558550944078597 ], [ 107.666292487215941, 46.558465132377094 ], [ 107.60971548793475, 46.558379288931171 ], [ 107.582637576232415, 46.532661422806953 ], [ 107.555559651285094, 46.506943601320806 ], [ 107.528481786771792, 46.481225677980312 ], [ 107.501403938411258, 46.455507827677074 ], [ 107.479989058803199, 46.436830865525309 ], [ 107.458574190302912, 46.41815392926479 ], [ 107.399740863110324, 46.423197182378246 ], [ 107.351257064905212, 46.419393570706411 ], [ 107.30277321332575, 46.41558994720198 ], [ 107.265702445826392, 46.412597886285198 ], [ 107.228631713772756, 46.409605834922637 ], [ 107.191561043371038, 46.406613787011423 ], [ 107.154490267042618, 46.403621766359493 ], [ 107.154320847922619, 46.403608363532229 ], [ 107.143146383745361, 46.406194659668458 ], [ 107.111428728472802, 46.411092954693032 ], [ 107.079711194080133, 46.415991244105328 ], [ 107.058274624190588, 46.43106138887719 ], [ 107.036838004002306, 46.446131500646182 ], [ 107.015401430347268, 46.461201564507228 ], [ 106.993964848422493, 46.476271664267365 ], [ 106.972528312756083, 46.491341716083362 ], [ 106.95109176840289, 46.506411803798841 ], [ 106.929655215077304, 46.521481927433655 ], [ 106.908218610369389, 46.536552017841466 ], [ 106.8705124562441, 46.548781084372997 ], [ 106.832806239258034, 46.56101013913409 ], [ 106.79510009788784, 46.573239245816353 ], [ 106.757393989564207, 46.585468344368259 ], [ 106.699989762846158, 46.590618622031251 ], [ 106.642585500035324, 46.595768888576423 ], [ 106.595370297973318, 46.594823522064559 ], [ 106.548155154378321, 46.593878204508584 ], [ 106.514047459789396, 46.593284055573136 ], [ 106.479939782993924, 46.592689856717307 ], [ 106.445832084902179, 46.592095689085092 ], [ 106.411724437935646, 46.59150146629451 ], [ 106.411711072366984, 46.591501468063591 ], [ 106.351646932495683, 46.592286286726214 ], [ 106.291582829804469, 46.593071076570013 ], [ 106.255810889576537, 46.585158408085547 ], [ 106.220038810701041, 46.577245735024 ], [ 106.184266866554708, 46.569333088275663 ], [ 106.148494766297958, 46.561420429763011 ], [ 106.148436890852835, 46.562236446130505 ], [ 106.144593096996772, 46.614394537578285 ], [ 106.114666933172344, 46.620107781932298 ], [ 106.084740783954416, 46.625821003843171 ], [ 106.05481465247162, 46.631534205985766 ], [ 106.024888541848753, 46.637247391038002 ], [ 105.990165497318372, 46.654307944573816 ], [ 105.969243426153312, 46.671551280819266 ], [ 105.931795918978736, 46.684750230308396 ], [ 105.894348355320005, 46.697949152545 ], [ 105.870382917189673, 46.719649394272693 ], [ 105.846417461348594, 46.741349615387215 ], [ 105.808306664711409, 46.739958375154103 ], [ 105.770195795759619, 46.738567119636791 ], [ 105.732085016992897, 46.737175900601315 ], [ 105.693974218284254, 46.735784657097334 ], [ 105.675736494488007, 46.719321652068807 ], [ 105.657498695909439, 46.702858605723193 ], [ 105.639261017578107, 46.686395645708863 ], [ 105.621023304180852, 46.669932646664833 ], [ 105.601869230475685, 46.653763945978341 ], [ 105.582715106202599, 46.637595226459815 ], [ 105.563561088054129, 46.621426545024498 ], [ 105.544407061948291, 46.605257845514693 ], [ 105.52712912151712, 46.588607530530432 ], [ 105.509851144045911, 46.571957252228749 ], [ 105.49257334005901, 46.555306985887256 ], [ 105.475295401111282, 46.538656703437752 ], [ 105.447849621975976, 46.521569411653488 ], [ 105.426717976144616, 46.491577468557338 ], [ 105.405586221925262, 46.461585582621687 ], [ 105.40545252021424, 46.461398327663687 ], [ 105.371242283586241, 46.473154735078744 ], [ 105.337032014034477, 46.484911169375579 ], [ 105.302821767969377, 46.496667554452721 ], [ 105.268611582810962, 46.508423967075899 ], [ 105.229179811979748, 46.530514405677231 ], [ 105.180408318926027, 46.544197116808085 ], [ 105.13163693799666, 46.557879885903816 ], [ 105.102458805069062, 46.562818325495897 ], [ 105.073280622730081, 46.567756756820842 ], [ 105.044102528315975, 46.572695239154548 ], [ 105.014924392181086, 46.577633717335075 ], [ 104.99221418579215, 46.587140518904896 ], [ 104.992214205736232, 46.587144951917637 ], [ 104.94571470515568, 46.584687960319087 ], [ 104.898840655128737, 46.568323069972529 ], [ 104.881739964387123, 46.550894734082938 ], [ 104.864639322592211, 46.533466273218991 ], [ 104.84526788949097, 46.518765725531694 ], [ 104.825896499419386, 46.504065243896349 ], [ 104.806525003034821, 46.48936469994441 ], [ 104.787153553192354, 46.474664150476869 ], [ 104.756111476392988, 46.452336312604508 ], [ 104.725069511418866, 46.430008485610003 ], [ 104.694027415423534, 46.407680632237394 ], [ 104.662985399639183, 46.385352805393929 ], [ 104.662900708539027, 46.385383993866576 ], [ 104.663052320891438, 46.385620377159 ], [ 104.639780272725076, 46.394897524308071 ], [ 104.616508232460049, 46.404174681744053 ], [ 104.590810380299118, 46.418697963222648 ], [ 104.565112550948342, 46.433221238795547 ], [ 104.55162381650473, 46.44084630326617 ], [ 104.532659294613779, 46.451048706434555 ], [ 104.507342747336921, 46.464994546804817 ], [ 104.482026195922714, 46.478940420875688 ], [ 104.450350949663544, 46.484668134070553 ], [ 104.418675729254119, 46.490395808883527 ], [ 104.396540726812859, 46.51150967696222 ], [ 104.374405752325941, 46.532623537835647 ], [ 104.37518606579556, 46.605092832672426 ], [ 104.384084283790358, 46.639394481005631 ], [ 104.39298237735926, 46.67369608764978 ], [ 104.367225461238718, 46.708769160455844 ], [ 104.34146863713471, 46.743842190517547 ], [ 104.315711709541787, 46.7789153083746 ], [ 104.289954851689743, 46.813988371770975 ], [ 104.276327866302182, 46.85398646127075 ], [ 104.257416840890841, 46.874371292735553 ], [ 104.238505703821971, 46.894756033266091 ], [ 104.276381389329885, 46.910514527323841 ], [ 104.314256990451113, 46.926272996665858 ], [ 104.333894867831148, 46.965611129264808 ], [ 104.334278335103633, 46.966373685284331 ], [ 104.342514227118727, 46.989944454460499 ], [ 104.354025407916524, 47.017876261322634 ], [ 104.365536621871954, 47.045808069844028 ], [ 104.341812008185727, 47.057373856084524 ], [ 104.318087318983686, 47.068939656341996 ], [ 104.294362648966001, 47.080505460666693 ], [ 104.270637996495836, 47.092071271413417 ], [ 104.251535276584349, 47.115405768488195 ], [ 104.236331920996648, 47.131688167500691 ], [ 104.221128636799406, 47.147970566470754 ], [ 104.19868601911169, 47.157553176507179 ], [ 104.157526220642836, 47.174379578122178 ], [ 104.116366499136802, 47.191205988580698 ], [ 104.102565590013327, 47.205006892103548 ], [ 104.107689075326945, 47.281355627430102 ], [ 104.076887878702124, 47.292010643726186 ], [ 104.046086592168862, 47.302665673155211 ] ], [ [ 107.35791892442947, 47.382309727593665 ], [ 107.362926542004217, 47.375175111210943 ], [ 107.370676465806071, 47.364812191363256 ], [ 107.37666946638187, 47.356714425855273 ], [ 107.388717940289567, 47.340862365407567 ], [ 107.392713345257704, 47.33548024654916 ], [ 107.393877122698655, 47.33366982069262 ], [ 107.394849190994947, 47.332390093470948 ], [ 107.417737817023507, 47.301956673101692 ], [ 107.434909779343073, 47.305501674320148 ], [ 107.440416719260512, 47.306629817602357 ], [ 107.472392987078692, 47.313171305910075 ], [ 107.497127606360237, 47.318468774465487 ], [ 107.497631492544798, 47.318575786603795 ], [ 107.49904947448718, 47.31887900232833 ], [ 107.500164249986952, 47.319249075076065 ], [ 107.50077070985887, 47.319449776678326 ], [ 107.501577797655571, 47.319619179236838 ], [ 107.504935485858979, 47.320328174279808 ], [ 107.506197453725534, 47.320600167555838 ], [ 107.508368973099962, 47.321055017839264 ], [ 107.508649966554117, 47.321117435847832 ], [ 107.509060175884457, 47.321202145252961 ], [ 107.519142230256165, 47.323454050929136 ], [ 107.530156129989223, 47.325732606900935 ], [ 107.532813759884235, 47.326504033464282 ], [ 107.545321562667766, 47.328996719938587 ], [ 107.554226419812721, 47.330909664289038 ], [ 107.554181773658854, 47.331569574889294 ], [ 107.552875266344174, 47.332965279017174 ], [ 107.552148434400394, 47.333910625980188 ], [ 107.551515305059368, 47.335061029241736 ], [ 107.541344080816259, 47.351479460701121 ], [ 107.530405848227232, 47.369177611463833 ], [ 107.530124947626476, 47.369632467990044 ], [ 107.529826220162491, 47.370114075699377 ], [ 107.529496253020127, 47.3706447168286 ], [ 107.528252146422588, 47.372669084500615 ], [ 107.528029134622301, 47.373025847871922 ], [ 107.519195676119125, 47.387379699026873 ], [ 107.516796682482223, 47.391045110669019 ], [ 107.509118092536369, 47.40374011220073 ], [ 107.505738141696696, 47.40932737503919 ], [ 107.500935694988428, 47.417112994243837 ], [ 107.500503199996857, 47.41738943302979 ], [ 107.499013856915852, 47.419636809073005 ], [ 107.495861201975785, 47.424671178719869 ], [ 107.489774554521205, 47.434026379176572 ], [ 107.488338733767463, 47.436898009090619 ], [ 107.428444109024099, 47.432773322046003 ], [ 107.402032862674176, 47.441428480691179 ], [ 107.356545514140095, 47.424523975916266 ], [ 107.353464317901015, 47.414919060642944 ], [ 107.347578283640473, 47.399401412605776 ], [ 107.346797940640258, 47.39734579335591 ], [ 107.351123305008258, 47.390933565295242 ], [ 107.35791892442947, 47.382309727593665 ] ], [ [ 106.362852675887154, 48.257818500261344 ], [ 106.362901738334074, 48.25768922069026 ], [ 106.367280628176403, 48.246238195046423 ], [ 106.391524725594181, 48.216888454565719 ], [ 106.394726376258774, 48.213009003243471 ], [ 106.407680017517265, 48.197326378463444 ], [ 106.419282657921087, 48.169131461164106 ], [ 106.423050555637147, 48.161185361610215 ], [ 106.428726999340242, 48.149217106562453 ], [ 106.42846837421861, 48.148887114815082 ], [ 106.427835198847163, 48.14807559524062 ], [ 106.42775047360432, 48.147968522374633 ], [ 106.422930134552047, 48.141810536239731 ], [ 106.416972788799612, 48.134198824291104 ], [ 106.423871093195842, 48.127670741546453 ], [ 106.427473959876735, 48.124259514555995 ], [ 106.43008706560245, 48.121704432916637 ], [ 106.448070571310225, 48.104175696156126 ], [ 106.466071950885706, 48.086624721283187 ], [ 106.479814894092954, 48.073225111807886 ], [ 106.467070825208992, 48.052071101281456 ], [ 106.46163517129682, 48.043054840653689 ], [ 106.461086750285986, 48.042140720874329 ], [ 106.460444540794853, 48.030007496345931 ], [ 106.459592922761303, 48.013321511322843 ], [ 106.461162466404858, 48.011007252969769 ], [ 106.465336274982363, 48.004858191249255 ], [ 106.46535845981974, 48.004831404755805 ], [ 106.465376375322521, 48.004800198868672 ], [ 106.467855587464356, 48.001148236104058 ], [ 106.480055721412441, 47.983182475394869 ], [ 106.481580708995125, 47.980935088856398 ], [ 106.481727882568578, 47.980721032184391 ], [ 106.482142610411927, 47.980507036306108 ], [ 106.504571829441645, 47.9690315285753 ], [ 106.527001075566901, 47.957556011146529 ], [ 106.525578621170496, 47.9568113286619 ], [ 106.524539675235999, 47.956262918484342 ], [ 106.506038923669678, 47.946550936355678 ], [ 106.519587854803547, 47.928750246261473 ], [ 106.533136836849195, 47.910949487707853 ], [ 106.515898011370766, 47.890049681160498 ], [ 106.519014912900403, 47.87121446503113 ], [ 106.539914659570073, 47.847799738295947 ], [ 106.54037401025866, 47.847291349730455 ], [ 106.540204569324658, 47.847077351102413 ], [ 106.540204513680536, 47.847072868240232 ], [ 106.540133154054416, 47.846983679079166 ], [ 106.523810696913657, 47.826061615744742 ], [ 106.50748811242471, 47.805139455370487 ], [ 106.507746716308901, 47.746216896093799 ], [ 106.509606167256763, 47.719279514131053 ], [ 106.561367426009184, 47.711471648481862 ], [ 106.567021599643084, 47.715721125435557 ], [ 106.593517593336131, 47.735635480057141 ], [ 106.593192036279248, 47.735960977887203 ], [ 106.592772887078766, 47.736380190341499 ], [ 106.583823457888101, 47.745347381274236 ], [ 106.579079002735696, 47.750096379365658 ], [ 106.578691074066683, 47.750484317700028 ], [ 106.581981816623824, 47.752143055807181 ], [ 106.583047530223197, 47.752682630312108 ], [ 106.585977187326819, 47.750310388484394 ], [ 106.586012819494329, 47.750283616462625 ], [ 106.588585777998333, 47.750667086170971 ], [ 106.589829863014998, 47.750849975308988 ], [ 106.591488683813992, 47.751099678360063 ], [ 106.594012454366634, 47.751478663670405 ], [ 106.597776013596814, 47.748584738023467 ], [ 106.600326580954743, 47.746627136672281 ], [ 106.618978981059115, 47.744812296578949 ], [ 106.643214222555528, 47.742457914348577 ], [ 106.683948106038713, 47.735992219241702 ], [ 106.697008862872494, 47.729459636604545 ], [ 106.697436888343006, 47.729348115337316 ], [ 106.731522295095701, 47.720568164720106 ], [ 106.731954758196991, 47.72045669045638 ], [ 106.731972676981798, 47.720456714549883 ], [ 106.788830646271435, 47.724015066162821 ], [ 106.791283179494215, 47.718891560456655 ], [ 106.79198768804963, 47.717420021165204 ], [ 106.797530319218723, 47.705839741492113 ], [ 106.812361324691665, 47.719872556140395 ], [ 106.813221903462761, 47.720684144721453 ], [ 106.830817469284796, 47.737691107884217 ], [ 106.839963155062662, 47.74652903079042 ], [ 106.861076978868596, 47.762559537687594 ], [ 106.861835012100087, 47.762443570546353 ], [ 106.866414552184466, 47.76174795383713 ], [ 106.889588500674776, 47.758225273403617 ], [ 106.889878330798851, 47.758060280443289 ], [ 106.892076598810064, 47.756820654091158 ], [ 106.898604803764584, 47.753133008072865 ], [ 106.904999109668381, 47.749521122569597 ], [ 106.905890984611673, 47.749017249369544 ], [ 106.91080488069025, 47.750453054834914 ], [ 106.918536972136408, 47.75271385221955 ], [ 106.946473187301919, 47.760878456924779 ], [ 106.947035112603672, 47.760316621124332 ], [ 106.953897597913866, 47.75343178608658 ], [ 106.955427137700127, 47.75189781804837 ], [ 106.958998890334072, 47.748312717250585 ], [ 106.963368763179204, 47.743929398202425 ], [ 106.963489119340494, 47.743916001667294 ], [ 106.99594249403782, 47.740005386247574 ], [ 107.033024398207075, 47.735541835820499 ], [ 107.037340816633048, 47.728113005964516 ], [ 107.041117661432523, 47.721607177279452 ], [ 107.077278736861004, 47.722487817480733 ], [ 107.113439811793157, 47.723368474504724 ], [ 107.119798441863622, 47.723524554019413 ], [ 107.151052294645211, 47.73538357339023 ], [ 107.182306142306402, 47.747242530148114 ], [ 107.216801726842164, 47.725334935404483 ], [ 107.217006903633148, 47.725178858685183 ], [ 107.217042587055772, 47.725152139000642 ], [ 107.217626741239954, 47.724710660219813 ], [ 107.235993733072476, 47.710809425209796 ], [ 107.254360781942012, 47.696908153815585 ], [ 107.265553164868692, 47.688431444207566 ], [ 107.290483939055008, 47.671312921134884 ], [ 107.29456851961163, 47.668512609487195 ], [ 107.29457743166715, 47.668414518804795 ], [ 107.294648692926259, 47.667701059495329 ], [ 107.294742430949867, 47.666769127810909 ], [ 107.295701064247766, 47.657342581201874 ], [ 107.296655363900044, 47.647982912577447 ], [ 107.297261776697411, 47.648049834958194 ], [ 107.327396375936701, 47.651296026023473 ], [ 107.329866716594466, 47.651559174816043 ], [ 107.330892330541786, 47.651483302577425 ], [ 107.366652041731058, 47.648870299526735 ], [ 107.402411815233251, 47.646257252159387 ], [ 107.406050441214262, 47.646538161477658 ], [ 107.415503737498113, 47.647260565366899 ], [ 107.463666582851658, 47.650943791922487 ], [ 107.475639170752274, 47.6518579120807 ], [ 107.475657021250342, 47.651862388982096 ], [ 107.476352694736434, 47.651915868375603 ], [ 107.476397295603931, 47.651915842524701 ], [ 107.481525177134912, 47.699088699413451 ], [ 107.481525173588821, 47.699097608242418 ], [ 107.483870659724033, 47.720657360857736 ], [ 107.506547465169845, 47.731116186532283 ], [ 107.529224248984207, 47.741574994331913 ], [ 107.538472415558559, 47.745842339918788 ], [ 107.538503641018224, 47.745855729661699 ], [ 107.53866412094149, 47.749601389837082 ], [ 107.540091061496966, 47.783428153813304 ], [ 107.540153455120191, 47.784984330634032 ], [ 107.542548050807653, 47.790852538287723 ], [ 107.56058059911625, 47.835002134186972 ], [ 107.560326464805442, 47.835755694577095 ], [ 107.559260746712226, 47.838917144799929 ], [ 107.555202937565085, 47.850956719411279 ], [ 107.555466017764431, 47.851795044812619 ], [ 107.55564443764419, 47.852370296012815 ], [ 107.555689011780714, 47.852521885703354 ], [ 107.557182729568936, 47.854015682861146 ], [ 107.55901552335537, 47.855014562078658 ], [ 107.56001877733317, 47.855563043963087 ], [ 107.560968527033339, 47.855924182707405 ], [ 107.561855966935624, 47.855852842945112 ], [ 107.56273883200187, 47.855558548129196 ], [ 107.56389378985989, 47.85515277474817 ], [ 107.564424400613518, 47.855246407141863 ], [ 107.564647320728298, 47.855625452811196 ], [ 107.564723149160884, 47.855808269988501 ], [ 107.564754365051741, 47.855875164712664 ], [ 107.564879143039562, 47.856164985275299 ], [ 107.565249310147451, 47.857114775640021 ], [ 107.565967261450396, 47.857725663998615 ], [ 107.567015109495372, 47.858407942050611 ], [ 107.569659323812715, 47.858546133871137 ], [ 107.570533315203505, 47.858992072418921 ], [ 107.575879862848751, 47.861243919231242 ], [ 107.580905203299977, 47.864329568014178 ], [ 107.584606220888517, 47.866920315503627 ], [ 107.592699522184006, 47.872119637923959 ], [ 107.592935833720375, 47.872605691676732 ], [ 107.592984875989671, 47.872703772917568 ], [ 107.593261366964029, 47.872721657502915 ], [ 107.594273633932914, 47.872788533255303 ], [ 107.595713931833174, 47.872351534893077 ], [ 107.596387219744599, 47.872253392864998 ], [ 107.596801935282599, 47.872190991178265 ], [ 107.598112839715213, 47.872262336311664 ], [ 107.598233297118043, 47.872244494950763 ], [ 107.598349239480001, 47.872231097940251 ], [ 107.600280043728915, 47.871950196447166 ], [ 107.601305590933066, 47.872141955717957 ], [ 107.601657855379997, 47.872735042116858 ], [ 107.601773747009574, 47.873417226007099 ], [ 107.602005688848223, 47.873956773824688 ], [ 107.602514038151838, 47.874380388836755 ], [ 107.603352350873323, 47.874911012817243 ], [ 107.604360118606976, 47.875134032748484 ], [ 107.604877307030904, 47.875249971586094 ], [ 107.604917504426425, 47.875258866454452 ], [ 107.606888421926811, 47.875432772537927 ], [ 107.607387838724151, 47.875477326586996 ], [ 107.607847144056777, 47.875517481018314 ], [ 107.608070093719064, 47.875869750096086 ], [ 107.607971939167783, 47.876360277192411 ], [ 107.607472502124693, 47.876944412991186 ], [ 107.607013209270804, 47.877501762015413 ], [ 107.606883910510078, 47.878161761325615 ], [ 107.606959685234301, 47.878843981603907 ], [ 107.607468120872596, 47.879321117025178 ], [ 107.607856054369648, 47.879775910894487 ], [ 107.608038841355096, 47.880181678369411 ], [ 107.608034330101546, 47.880235193082235 ], [ 107.608003130328171, 47.880516107989266 ], [ 107.607985344953377, 47.880676624631931 ], [ 107.60794521187016, 47.881202827265675 ], [ 107.608364338039564, 47.881760266282598 ], [ 107.609073373696759, 47.882125887941626 ], [ 107.609528198838404, 47.882241805407602 ], [ 107.610116796617902, 47.882388936883807 ], [ 107.610928335398597, 47.882709983316687 ], [ 107.610892628460221, 47.882928477395367 ], [ 107.61082580641785, 47.88333425696154 ], [ 107.611088845316317, 47.88439108292576 ], [ 107.611472333638133, 47.886714291369586 ], [ 107.612471189162022, 47.888524700611363 ], [ 107.612819004109866, 47.888818998643536 ], [ 107.614468896369814, 47.890232489996116 ], [ 107.616725139190379, 47.892167764177692 ], [ 107.617318263441319, 47.892867873837645 ], [ 107.618094095396899, 47.893786416372606 ], [ 107.618178868397223, 47.893889006115266 ], [ 107.617995955245448, 47.894869956606762 ], [ 107.617590302901121, 47.895645892394931 ], [ 107.616466494691466, 47.897549918227256 ], [ 107.616462067820521, 47.897594492662272 ], [ 107.616413081215669, 47.898294591801495 ], [ 107.616319430973377, 47.899614471240007 ], [ 107.617536707232802, 47.901986716969155 ], [ 107.620475230622887, 47.905108097466623 ], [ 107.621309088913222, 47.906236265620102 ], [ 107.62117975091995, 47.906802519142808 ], [ 107.620747255425869, 47.907168154943101 ], [ 107.62064471752123, 47.907252904055497 ], [ 107.62053770139741, 47.90734653053714 ], [ 107.620203307365429, 47.907426827108686 ], [ 107.619900114307399, 47.90750709530667 ], [ 107.618580196692079, 47.907837070907064 ], [ 107.61662266133014, 47.908662002354255 ], [ 107.615289404711874, 47.90965192579867 ], [ 107.614691831899691, 47.910195893289746 ], [ 107.614562512903731, 47.91030735569791 ], [ 107.613929270584194, 47.910882634183416 ], [ 107.613496770789396, 47.911957284103494 ], [ 107.613233695272442, 47.91292045598864 ], [ 107.613122193309621, 47.913330639736962 ], [ 107.613099927856112, 47.913357422514288 ], [ 107.612703106792011, 47.913901452363653 ], [ 107.612279399573779, 47.914387477174245 ], [ 107.611766683081612, 47.914699630313081 ], [ 107.61172653986857, 47.914726356974136 ], [ 107.611030914747062, 47.91474421534344 ], [ 107.610754376911402, 47.914753094771726 ], [ 107.610625099935206, 47.914704094160797 ], [ 107.610161335545371, 47.914530172803879 ], [ 107.609813540393418, 47.914400816244104 ], [ 107.608529284942009, 47.914008439217568 ], [ 107.608319693128394, 47.913941535511029 ], [ 107.607584041854935, 47.914075333403083 ], [ 107.606924007135547, 47.914195711120918 ], [ 107.606870535873568, 47.914222516110279 ], [ 107.605189443136112, 47.914998337876682 ], [ 107.603218552775004, 47.917031715457306 ], [ 107.601399256810481, 47.919658148953758 ], [ 107.600868589504984, 47.920367105581541 ], [ 107.600645598635367, 47.920665875997244 ], [ 107.599967848859123, 47.921575561574478 ], [ 107.599294565210769, 47.922783942263216 ], [ 107.599093879385137, 47.924442721835263 ], [ 107.59908044391814, 47.924554189460217 ], [ 107.598951169656345, 47.924781607745594 ], [ 107.597858736568895, 47.92679267678939 ], [ 107.597716015231242, 47.927782636755744 ], [ 107.597653652084247, 47.928496081903411 ], [ 107.597595591903016, 47.929133747570816 ], [ 107.597519836902137, 47.930003203051463 ], [ 107.59726563689037, 47.930382278281783 ], [ 107.59707839554639, 47.930663148533036 ], [ 107.596859884123006, 47.930988726912084 ], [ 107.596842023173906, 47.93179583577686 ], [ 107.597216565620229, 47.933249471889738 ], [ 107.597345924645481, 47.934159105466058 ], [ 107.596561103812164, 47.935603893774513 ], [ 107.595803082573056, 47.937289382047886 ], [ 107.595664821643709, 47.93759260300272 ], [ 107.595535505128154, 47.937886941142317 ], [ 107.59461250521143, 47.939108682874789 ], [ 107.593988149943598, 47.939933637700705 ], [ 107.593586912753594, 47.939630407749576 ], [ 107.593560127222204, 47.939608163762969 ], [ 107.593033987430886, 47.939215724464873 ], [ 107.591821070581005, 47.940954792150798 ], [ 107.590483406416666, 47.943099628757388 ], [ 107.589934858118227, 47.944473041969374 ], [ 107.589564808920457, 47.947737064341425 ], [ 107.589408723331786, 47.949453813713269 ], [ 107.589975032013271, 47.95088518272955 ], [ 107.589988369774019, 47.950925359820879 ], [ 107.590505654461865, 47.95147379766361 ], [ 107.591763107084319, 47.952820458456102 ], [ 107.592035131200007, 47.953110290547755 ], [ 107.59368939684849, 47.954523831107743 ], [ 107.596735039212888, 47.957123487250918 ], [ 107.596842061892985, 47.957217110663883 ], [ 107.598750588387503, 47.958938351788248 ], [ 107.598964524062637, 47.95965177055826 ], [ 107.598866476062994, 47.960463325069298 ], [ 107.598554299254218, 47.961538031703057 ], [ 107.597988076563155, 47.96245212606307 ], [ 107.596512068155448, 47.96350895355733 ], [ 107.595874424660778, 47.964142100421078 ], [ 107.595272500525041, 47.964998287694058 ], [ 107.595308108436853, 47.965760789298507 ], [ 107.595397321037652, 47.966715020997661 ], [ 107.596075083696221, 47.967250086763045 ], [ 107.596119677294197, 47.968146424027559 ], [ 107.595852108135645, 47.96848079457444 ], [ 107.595067295201758, 47.968199927981154 ], [ 107.594679362491149, 47.967745085757116 ], [ 107.594032759554779, 47.967022678468318 ], [ 107.593123091323392, 47.966715002471396 ], [ 107.592195679484718, 47.966871059415148 ], [ 107.591259203440003, 47.96708064429027 ], [ 107.588878105863571, 47.967272399422434 ], [ 107.586996390616378, 47.968654725610989 ], [ 107.586068874195959, 47.968944557479581 ], [ 107.585038818715134, 47.969693657907371 ], [ 107.583990932835732, 47.970763905102906 ], [ 107.583656442174274, 47.971254372948756 ], [ 107.583058922069654, 47.971678024970437 ], [ 107.582296425179379, 47.971566536292826 ], [ 107.581596386453953, 47.97186083277181 ], [ 107.58084722041832, 47.972360246278996 ], [ 107.580089196556983, 47.972877487978636 ], [ 107.579643242996099, 47.972774908991255 ], [ 107.579233091706627, 47.972685771564457 ], [ 107.579192910793154, 47.972676835374138 ], [ 107.5791572149122, 47.972609941330468 ], [ 107.578662251680527, 47.971606629448658 ], [ 107.577650056600149, 47.971709238417908 ], [ 107.576963359926211, 47.972244342725261 ], [ 107.576405981344209, 47.973020169374834 ], [ 107.575656795409543, 47.973599857553303 ], [ 107.574698188816768, 47.97349731415207 ], [ 107.573895535202652, 47.972957761216449 ], [ 107.572816360403579, 47.972859630133456 ], [ 107.571581257384068, 47.973207437427995 ], [ 107.570301509879641, 47.973532973239728 ], [ 107.568758617058464, 47.973238708720089 ], [ 107.56787127741751, 47.973011247431351 ], [ 107.566734181948362, 47.972957774258383 ], [ 107.566520108129595, 47.973443785553791 ], [ 107.567318326262338, 47.973903075218523 ], [ 107.568165563755315, 47.974554130044261 ], [ 107.568045161724015, 47.9753299747547 ], [ 107.566627187750257, 47.975601985732816 ], [ 107.565070877137728, 47.975517270423659 ], [ 107.563733201191027, 47.975071361370745 ], [ 107.562885945723323, 47.974763700055753 ], [ 107.562729852678402, 47.975209585359437 ], [ 107.562448946349065, 47.97557526060092 ], [ 107.558703366524469, 47.975860641123816 ], [ 107.557771339960695, 47.976154905822511 ], [ 107.556616464271187, 47.976128181548297 ], [ 107.555430419212158, 47.97601225670514 ], [ 107.55407482346331, 47.976364479822088 ], [ 107.552795062934862, 47.976993267123021 ], [ 107.551577750512422, 47.977742377436996 ], [ 107.550703687568927, 47.978201631278402 ], [ 107.549745000993852, 47.978406780601155 ], [ 107.549089547992835, 47.978116972185042 ], [ 107.548166504830789, 47.977577383714987 ], [ 107.54706512281669, 47.976962012336806 ], [ 107.545611388030395, 47.976591938497535 ], [ 107.543992793132944, 47.976426914952334 ], [ 107.542980573746661, 47.976449200209579 ], [ 107.542226933306637, 47.976948630320649 ], [ 107.54142434128029, 47.977604131890459 ], [ 107.540635040613438, 47.977782491313143 ], [ 107.539756597824535, 47.977604179879918 ], [ 107.539319683031437, 47.976926367578095 ], [ 107.538508108836837, 47.976159386095468 ], [ 107.537326368949763, 47.975798192242998 ], [ 107.536251766544396, 47.975691195812857 ], [ 107.534405652444804, 47.975601987908952 ], [ 107.533010003891391, 47.975423674019034 ], [ 107.532648834862968, 47.975379013363622 ], [ 107.530767106518496, 47.974571968381227 ], [ 107.52973253304684, 47.97329220657759 ], [ 107.528238774357277, 47.97248061203809 ], [ 107.52619204178788, 47.972329042672271 ], [ 107.522660407734833, 47.972538634693237 ], [ 107.521175613553496, 47.972895354126202 ], [ 107.520190039794016, 47.972592094222598 ], [ 107.519079745606689, 47.971637902379143 ], [ 107.517875784528115, 47.970817417488966 ], [ 107.515931666361524, 47.970795117810738 ], [ 107.514464591651077, 47.970500824036428 ], [ 107.512787992687336, 47.969952285692685 ], [ 107.511535032498259, 47.970108406258845 ], [ 107.510589616693707, 47.970585519962455 ], [ 107.509207296600152, 47.971116144475175 ], [ 107.507517267857921, 47.97152191527821 ], [ 107.505684647834599, 47.971562070305524 ], [ 107.504578750713875, 47.97141937620227 ], [ 107.50370924685383, 47.971151838097711 ], [ 107.502772771008097, 47.971923228223034 ], [ 107.502429518080461, 47.972395927697264 ], [ 107.50055221264661, 47.972864127626472 ], [ 107.498443040040669, 47.972810622185001 ], [ 107.497100814752301, 47.9721818494058 ], [ 107.496200160522761, 47.97138371296159 ], [ 107.494657283556123, 47.970692564884288 ], [ 107.492851293536489, 47.970536474969656 ], [ 107.491415558500222, 47.970567686220505 ], [ 107.489417824400817, 47.970902088468449 ], [ 107.486448073410585, 47.971539726821426 ], [ 107.484651008224517, 47.971923266491167 ], [ 107.482305561109726, 47.972944353242745 ], [ 107.479817336487656, 47.973038012443695 ], [ 107.478270073180667, 47.97412602521522 ], [ 107.476803082423615, 47.974554141681118 ], [ 107.47625007706398, 47.975049067738233 ], [ 107.475723952996589, 47.976074667262189 ], [ 107.475576837654572, 47.977523897939825 ], [ 107.475541093450474, 47.978246228278188 ], [ 107.475438557279645, 47.979120210440563 ], [ 107.475211071546056, 47.980377679817231 ], [ 107.474845452600931, 47.981737716796438 ], [ 107.473967073763475, 47.98296396632265 ], [ 107.473159946405673, 47.984092161369368 ], [ 107.472361762740675, 47.985412037668503 ], [ 107.471140007304356, 47.986932580894461 ], [ 107.468727591112682, 47.988404108481532 ], [ 107.466712060689616, 47.988448700444657 ], [ 107.466154764826356, 47.989130946761335 ], [ 107.466087867961093, 47.989211199853585 ], [ 107.465784541200676, 47.989576825725948 ], [ 107.465401103486869, 47.990446377609196 ], [ 107.465146946451512, 47.990736162856081 ], [ 107.464589533444126, 47.991369370824295 ], [ 107.462810419144773, 47.991833156475764 ], [ 107.462792499934153, 47.991837595346098 ], [ 107.462092508340476, 47.992015950378473 ], [ 107.459947667588793, 47.992622419212566 ], [ 107.459626589511274, 47.992880992185178 ], [ 107.459541878254612, 47.992947907359962 ], [ 107.458645634128388, 47.993670307861976 ], [ 107.458386925992613, 47.994620069537682 ], [ 107.458346789977242, 47.995155156674087 ], [ 107.458810522232895, 47.995841856730003 ], [ 107.459095926040916, 47.996738185232267 ], [ 107.459528475764145, 47.99812493461679 ], [ 107.459515076998855, 47.999110414338887 ], [ 107.458841767940342, 48.000354452732289 ], [ 107.45762885702716, 47.999948669906495 ], [ 107.457566434239951, 47.999930855279139 ], [ 107.445968369914851, 47.996064856313083 ], [ 107.445946054934169, 47.996060398696926 ], [ 107.409664607281755, 47.993233315845906 ], [ 107.373383165248796, 47.990406251829562 ], [ 107.373218091565562, 47.990664821646568 ], [ 107.370721024065119, 47.994620066857387 ], [ 107.359519725158535, 48.012367300054713 ], [ 107.357201033499948, 48.016041575970036 ], [ 107.34467988548387, 48.035880103091039 ], [ 107.3371439333539, 48.044174043069255 ], [ 107.321693172170129, 48.061176608843745 ], [ 107.295866074599715, 48.077278403837518 ], [ 107.274850358524773, 48.093580884712587 ], [ 107.253834637154355, 48.109883391314312 ], [ 107.22470332658115, 48.135331468990223 ], [ 107.207482284099953, 48.140026873164025 ], [ 107.198109201721991, 48.142586461485379 ], [ 107.171595462845872, 48.158536635148188 ], [ 107.162721761940077, 48.163874168573706 ], [ 107.11494702678894, 48.175735410214379 ], [ 107.090609245586606, 48.200059772672624 ], [ 107.082551654267476, 48.208554343832915 ], [ 107.082547086049331, 48.208554338442021 ], [ 107.082431239252742, 48.208679182736326 ], [ 107.082159199551214, 48.208964632581264 ], [ 107.078596387598239, 48.206471966722653 ], [ 107.073954493777308, 48.203230213031418 ], [ 107.05322410150707, 48.188747040334697 ], [ 107.043360589713757, 48.187864097357789 ], [ 107.041358490536126, 48.187685786166554 ], [ 107.031187198568162, 48.186780589420579 ], [ 106.995857747651499, 48.206565585516493 ], [ 106.992014028733152, 48.208719378660319 ], [ 106.991340687701097, 48.208438407062573 ], [ 106.991336308211515, 48.208433996966839 ], [ 106.990890329426875, 48.208246707715212 ], [ 106.9893162555137, 48.207586706642189 ], [ 106.969455397402015, 48.199257123190996 ], [ 106.967506822904738, 48.197304065453601 ], [ 106.96475111030098, 48.194548286841936 ], [ 106.96134882402535, 48.191146000165176 ], [ 106.907224191083117, 48.187279984317279 ], [ 106.875216834366441, 48.184996962357502 ], [ 106.874726363521972, 48.184961287109672 ], [ 106.874561310337768, 48.184947862219829 ], [ 106.870503488572496, 48.187511869564261 ], [ 106.87041874225379, 48.187565363897484 ], [ 106.851088660875192, 48.199763262766233 ], [ 106.831758366497567, 48.211961120258849 ], [ 106.823647261818763, 48.217080167052387 ], [ 106.783114056752183, 48.222680797419727 ], [ 106.763021360152024, 48.225458812984606 ], [ 106.743387955587735, 48.227835551301652 ], [ 106.716611008594029, 48.229391753149201 ], [ 106.705427568535953, 48.230042770778958 ], [ 106.696857259441828, 48.230586804456813 ], [ 106.677335292711064, 48.231821917027908 ], [ 106.676822471648464, 48.231857591160043 ], [ 106.671667780512507, 48.233503027148153 ], [ 106.659672814062233, 48.237333426527897 ], [ 106.658705161993723, 48.237645518328932 ], [ 106.658687331346371, 48.237641068148342 ], [ 106.640650250672024, 48.235523003146945 ], [ 106.636659363811773, 48.235054814640513 ], [ 106.613008280650533, 48.232276810644827 ], [ 106.611068597748385, 48.232049360587808 ], [ 106.610760929226544, 48.232013673138624 ], [ 106.601111373350335, 48.237801634207784 ], [ 106.600852713508274, 48.237957673190017 ], [ 106.589374985538782, 48.244846962079706 ], [ 106.536516885176653, 48.250108738904359 ], [ 106.521623432670594, 48.251593643136189 ], [ 106.499484052403105, 48.253787495271354 ], [ 106.499033615350356, 48.253832087246401 ], [ 106.476871918267136, 48.259147304359274 ], [ 106.475855245089306, 48.259392561688173 ], [ 106.452815096957792, 48.264917376145746 ], [ 106.450402661267901, 48.266473598195859 ], [ 106.448824209437532, 48.267494748461317 ], [ 106.441948238559661, 48.271931590927736 ], [ 106.416990656385011, 48.267690972747815 ], [ 106.363138071378089, 48.258549781779038 ], [ 106.362607469439837, 48.258456152029758 ], [ 106.362816984285345, 48.257916585639634 ], [ 106.362852675887154, 48.257818500261344 ] ] ] } },
{ "type": "Feature", "properties": { "id": "2_0002000000000000000b", "ADM0_CODE": 167, "ADM0_NAME": "Mongolia", "ADM1_CODE": 2095, "ADM1_NAME": "Ulaanbaatar", "DISP_AREA": "NO", "EXP1_YEAR": 3000, "STATUS": "Member State", "STR1_YEAR": 1000, "Shape_Area": 0.569838509888, "Shape_Leng": 5.4054205855399999 }, "geometry": { "type": "MultiPolygon", "coordinates": [ [ [ [ 107.346797940640258, 47.39734579335591 ], [ 107.347578283640473, 47.399401412605776 ], [ 107.353464317901015, 47.414919060642944 ], [ 107.356545514140095, 47.424523975916266 ], [ 107.402032862674176, 47.441428480691179 ], [ 107.428444109024099, 47.432773322046003 ], [ 107.488338733767463, 47.436898009090619 ], [ 107.489774554521205, 47.434026379176572 ], [ 107.495861201975785, 47.424671178719869 ], [ 107.499013856915852, 47.419636809073005 ], [ 107.500503199996857, 47.41738943302979 ], [ 107.500935694988428, 47.417112994243837 ], [ 107.505738141696696, 47.40932737503919 ], [ 107.509118092536369, 47.40374011220073 ], [ 107.516796682482223, 47.391045110669019 ], [ 107.519195676119125, 47.387379699026873 ], [ 107.528029134622301, 47.373025847871922 ], [ 107.528252146422588, 47.372669084500615 ], [ 107.529496253020127, 47.3706447168286 ], [ 107.529826220162491, 47.370114075699377 ], [ 107.530124947626476, 47.369632467990044 ], [ 107.530405848227232, 47.369177611463833 ], [ 107.541344080816259, 47.351479460701121 ], [ 107.551515305059368, 47.335061029241736 ], [ 107.552148434400394, 47.333910625980188 ], [ 107.552875266344174, 47.332965279017174 ], [ 107.554181773658854, 47.331569574889294 ], [ 107.554226419812721, 47.330909664289038 ], [ 107.545321562667766, 47.328996719938587 ], [ 107.532813759884235, 47.326504033464282 ], [ 107.530156129989223, 47.325732606900935 ], [ 107.519142230256165, 47.323454050929136 ], [ 107.509060175884457, 47.321202145252961 ], [ 107.508649966554117, 47.321117435847832 ], [ 107.508368973099962, 47.321055017839264 ], [ 107.506197453725534, 47.320600167555838 ], [ 107.504935485858979, 47.320328174279808 ], [ 107.501577797655571, 47.319619179236838 ], [ 107.50077070985887, 47.319449776678326 ], [ 107.500164249986952, 47.319249075076065 ], [ 107.49904947448718, 47.31887900232833 ], [ 107.497631492544798, 47.318575786603795 ], [ 107.497127606360237, 47.318468774465487 ], [ 107.472392987078692, 47.313171305910075 ], [ 107.440416719260512, 47.306629817602357 ], [ 107.434909779343073, 47.305501674320148 ], [ 107.417737817023507, 47.301956673101692 ], [ 107.394849190994947, 47.332390093470948 ], [ 107.393877122698655, 47.33366982069262 ], [ 107.392713345257704, 47.33548024654916 ], [ 107.388717940289567, 47.340862365407567 ], [ 107.37666946638187, 47.356714425855273 ], [ 107.370676465806071, 47.364812191363256 ], [ 107.362926542004217, 47.375175111210943 ], [ 107.35791892442947, 47.382309727593665 ], [ 107.351123305008258, 47.390933565295242 ], [ 107.346797940640258, 47.39734579335591 ] ] ], [ [ [ 106.362607469439837, 48.258456152029758 ], [ 106.363138071378089, 48.258549781779038 ], [ 106.416990656385011, 48.267690972747815 ], [ 106.441948238559661, 48.271931590927736 ], [ 106.448824209437532, 48.267494748461317 ], [ 106.450402661267901, 48.266473598195859 ], [ 106.452815096957792, 48.264917376145746 ], [ 106.475855245089306, 48.259392561688173 ], [ 106.476871918267136, 48.259147304359274 ], [ 106.499033615350356, 48.253832087246401 ], [ 106.499484052403105, 48.253787495271354 ], [ 106.521623432670594, 48.251593643136189 ], [ 106.536516885176653, 48.250108738904359 ], [ 106.589374985538782, 48.244846962079706 ], [ 106.600852713508274, 48.237957673190017 ], [ 106.601111373350335, 48.237801634207784 ], [ 106.610760929226544, 48.232013673138624 ], [ 106.611068597748385, 48.232049360587808 ], [ 106.613008280650533, 48.232276810644827 ], [ 106.636659363811773, 48.235054814640513 ], [ 106.640650250672024, 48.235523003146945 ], [ 106.658687331346371, 48.237641068148342 ], [ 106.658705161993723, 48.237645518328932 ], [ 106.659672814062233, 48.237333426527897 ], [ 106.671667780512507, 48.233503027148153 ], [ 106.676822471648464, 48.231857591160043 ], [ 106.677335292711064, 48.231821917027908 ], [ 106.696857259441828, 48.230586804456813 ], [ 106.705427568535953, 48.230042770778958 ], [ 106.716611008594029, 48.229391753149201 ], [ 106.743387955587735, 48.227835551301652 ], [ 106.763021360152024, 48.225458812984606 ], [ 106.783114056752183, 48.222680797419727 ], [ 106.823647261818763, 48.217080167052387 ], [ 106.831758366497567, 48.211961120258849 ], [ 106.851088660875192, 48.199763262766233 ], [ 106.87041874225379, 48.187565363897484 ], [ 106.870503488572496, 48.187511869564261 ], [ 106.874561310337768, 48.184947862219829 ], [ 106.874726363521972, 48.184961287109672 ], [ 106.875216834366441, 48.184996962357502 ], [ 106.907224191083117, 48.187279984317279 ], [ 106.96134882402535, 48.191146000165176 ], [ 106.96475111030098, 48.194548286841936 ], [ 106.967506822904738, 48.197304065453601 ], [ 106.969455397402015, 48.199257123190996 ], [ 106.9893162555137, 48.207586706642189 ], [ 106.990890329426875, 48.208246707715212 ], [ 106.991336308211515, 48.208433996966839 ], [ 106.991340687701097, 48.208438407062573 ], [ 106.992014028733152, 48.208719378660319 ], [ 106.995857747651499, 48.206565585516493 ], [ 107.031187198568162, 48.186780589420579 ], [ 107.041358490536126, 48.187685786166554 ], [ 107.043360589713757, 48.187864097357789 ], [ 107.05322410150707, 48.188747040334697 ], [ 107.073954493777308, 48.203230213031418 ], [ 107.078596387598239, 48.206471966722653 ], [ 107.082159199551214, 48.208964632581264 ], [ 107.082431239252742, 48.208679182736326 ], [ 107.082547086049331, 48.208554338442021 ], [ 107.082551654267476, 48.208554343832915 ], [ 107.090609245586606, 48.200059772672624 ], [ 107.11494702678894, 48.175735410214379 ], [ 107.162721761940077, 48.163874168573706 ], [ 107.171595462845872, 48.158536635148188 ], [ 107.198109201721991, 48.142586461485379 ], [ 107.207482284099953, 48.140026873164025 ], [ 107.22470332658115, 48.135331468990223 ], [ 107.253834637154355, 48.109883391314312 ], [ 107.274850358524773, 48.093580884712587 ], [ 107.295866074599715, 48.077278403837518 ], [ 107.321693172170129, 48.061176608843745 ], [ 107.3371439333539, 48.044174043069255 ], [ 107.34467988548387, 48.035880103091039 ], [ 107.357201033499948, 48.016041575970036 ], [ 107.359519725158535, 48.012367300054713 ], [ 107.370721024065119, 47.994620066857387 ], [ 107.373218091565562, 47.990664821646568 ], [ 107.373383165248796, 47.990406251829562 ], [ 107.409664607281755, 47.993233315845906 ], [ 107.445946054934169, 47.996060398696926 ], [ 107.445968369914851, 47.996064856313083 ], [ 107.457566434239951, 47.999930855279139 ], [ 107.45762885702716, 47.999948669906495 ], [ 107.458841767940342, 48.000354452732289 ], [ 107.459515076998855, 47.999110414338887 ], [ 107.459528475764145, 47.99812493461679 ], [ 107.459095926040916, 47.996738185232267 ], [ 107.458810522232895, 47.995841856730003 ], [ 107.458346789977242, 47.995155156674087 ], [ 107.458386925992613, 47.994620069537682 ], [ 107.458645634128388, 47.993670307861976 ], [ 107.459541878254612, 47.992947907359962 ], [ 107.459626589511274, 47.992880992185178 ], [ 107.459947667588793, 47.992622419212566 ], [ 107.462092508340476, 47.992015950378473 ], [ 107.462792499934153, 47.991837595346098 ], [ 107.462810419144773, 47.991833156475764 ], [ 107.464589533444126, 47.991369370824295 ], [ 107.465146946451512, 47.990736162856081 ], [ 107.465401103486869, 47.990446377609196 ], [ 107.465784541200676, 47.989576825725948 ], [ 107.466087867961093, 47.989211199853585 ], [ 107.466154764826356, 47.989130946761335 ], [ 107.466712060689616, 47.988448700444657 ], [ 107.468727591112682, 47.988404108481532 ], [ 107.471140007304356, 47.986932580894461 ], [ 107.472361762740675, 47.985412037668503 ], [ 107.473159946405673, 47.984092161369368 ], [ 107.473967073763475, 47.98296396632265 ], [ 107.474845452600931, 47.981737716796438 ], [ 107.475211071546056, 47.980377679817231 ], [ 107.475438557279645, 47.979120210440563 ], [ 107.475541093450474, 47.978246228278188 ], [ 107.475576837654572, 47.977523897939825 ], [ 107.475723952996589, 47.976074667262189 ], [ 107.47625007706398, 47.975049067738233 ], [ 107.476803082423615, 47.974554141681118 ], [ 107.478270073180667, 47.97412602521522 ], [ 107.479817336487656, 47.973038012443695 ], [ 107.482305561109726, 47.972944353242745 ], [ 107.484651008224517, 47.971923266491167 ], [ 107.486448073410585, 47.971539726821426 ], [ 107.489417824400817, 47.970902088468449 ], [ 107.491415558500222, 47.970567686220505 ], [ 107.492851293536489, 47.970536474969656 ], [ 107.494657283556123, 47.970692564884288 ], [ 107.496200160522761, 47.97138371296159 ], [ 107.497100814752301, 47.9721818494058 ], [ 107.498443040040669, 47.972810622185001 ], [ 107.50055221264661, 47.972864127626472 ], [ 107.502429518080461, 47.972395927697264 ], [ 107.502772771008097, 47.971923228223034 ], [ 107.50370924685383, 47.971151838097711 ], [ 107.504578750713875, 47.97141937620227 ], [ 107.505684647834599, 47.971562070305524 ], [ 107.507517267857921, 47.97152191527821 ], [ 107.509207296600152, 47.971116144475175 ], [ 107.510589616693707, 47.970585519962455 ], [ 107.511535032498259, 47.970108406258845 ], [ 107.512787992687336, 47.969952285692685 ], [ 107.514464591651077, 47.970500824036428 ], [ 107.515931666361524, 47.970795117810738 ], [ 107.517875784528115, 47.970817417488966 ], [ 107.519079745606689, 47.971637902379143 ], [ 107.520190039794016, 47.972592094222598 ], [ 107.521175613553496, 47.972895354126202 ], [ 107.522660407734833, 47.972538634693237 ], [ 107.52619204178788, 47.972329042672271 ], [ 107.528238774357277, 47.97248061203809 ], [ 107.52973253304684, 47.97329220657759 ], [ 107.530767106518496, 47.974571968381227 ], [ 107.532648834862968, 47.975379013363622 ], [ 107.533010003891391, 47.975423674019034 ], [ 107.534405652444804, 47.975601987908952 ], [ 107.536251766544396, 47.975691195812857 ], [ 107.537326368949763, 47.975798192242998 ], [ 107.538508108836837, 47.976159386095468 ], [ 107.539319683031437, 47.976926367578095 ], [ 107.539756597824535, 47.977604179879918 ], [ 107.540635040613438, 47.977782491313143 ], [ 107.54142434128029, 47.977604131890459 ], [ 107.542226933306637, 47.976948630320649 ], [ 107.542980573746661, 47.976449200209579 ], [ 107.543992793132944, 47.976426914952334 ], [ 107.545611388030395, 47.976591938497535 ], [ 107.54706512281669, 47.976962012336806 ], [ 107.548166504830789, 47.977577383714987 ], [ 107.549089547992835, 47.978116972185042 ], [ 107.549745000993852, 47.978406780601155 ], [ 107.550703687568927, 47.978201631278402 ], [ 107.551577750512422, 47.977742377436996 ], [ 107.552795062934862, 47.976993267123021 ], [ 107.55407482346331, 47.976364479822088 ], [ 107.555430419212158, 47.97601225670514 ], [ 107.556616464271187, 47.976128181548297 ], [ 107.557771339960695, 47.976154905822511 ], [ 107.558703366524469, 47.975860641123816 ], [ 107.562448946349065, 47.97557526060092 ], [ 107.562729852678402, 47.975209585359437 ], [ 107.562885945723323, 47.974763700055753 ], [ 107.563733201191027, 47.975071361370745 ], [ 107.565070877137728, 47.975517270423659 ], [ 107.566627187750257, 47.975601985732816 ], [ 107.568045161724015, 47.9753299747547 ], [ 107.568165563755315, 47.974554130044261 ], [ 107.567318326262338, 47.973903075218523 ], [ 107.566520108129595, 47.973443785553791 ], [ 107.566734181948362, 47.972957774258383 ], [ 107.56787127741751, 47.973011247431351 ], [ 107.568758617058464, 47.973238708720089 ], [ 107.570301509879641, 47.973532973239728 ], [ 107.571581257384068, 47.973207437427995 ], [ 107.572816360403579, 47.972859630133456 ], [ 107.573895535202652, 47.972957761216449 ], [ 107.574698188816768, 47.97349731415207 ], [ 107.575656795409543, 47.973599857553303 ], [ 107.576405981344209, 47.973020169374834 ], [ 107.576963359926211, 47.972244342725261 ], [ 107.577650056600149, 47.971709238417908 ], [ 107.578662251680527, 47.971606629448658 ], [ 107.5791572149122, 47.972609941330468 ], [ 107.579192910793154, 47.972676835374138 ], [ 107.579233091706627, 47.972685771564457 ], [ 107.579643242996099, 47.972774908991255 ], [ 107.580089196556983, 47.972877487978636 ], [ 107.58084722041832, 47.972360246278996 ], [ 107.581596386453953, 47.97186083277181 ], [ 107.582296425179379, 47.971566536292826 ], [ 107.583058922069654, 47.971678024970437 ], [ 107.583656442174274, 47.971254372948756 ], [ 107.583990932835732, 47.970763905102906 ], [ 107.585038818715134, 47.969693657907371 ], [ 107.586068874195959, 47.968944557479581 ], [ 107.586996390616378, 47.968654725610989 ], [ 107.588878105863571, 47.967272399422434 ], [ 107.591259203440003, 47.96708064429027 ], [ 107.592195679484718, 47.966871059415148 ], [ 107.593123091323392, 47.966715002471396 ], [ 107.594032759554779, 47.967022678468318 ], [ 107.594679362491149, 47.967745085757116 ], [ 107.595067295201758, 47.968199927981154 ], [ 107.595852108135645, 47.96848079457444 ], [ 107.596119677294197, 47.968146424027559 ], [ 107.596075083696221, 47.967250086763045 ], [ 107.595397321037652, 47.966715020997661 ], [ 107.595308108436853, 47.965760789298507 ], [ 107.595272500525041, 47.964998287694058 ], [ 107.595874424660778, 47.964142100421078 ], [ 107.596512068155448, 47.96350895355733 ], [ 107.597988076563155, 47.96245212606307 ], [ 107.598554299254218, 47.961538031703057 ], [ 107.598866476062994, 47.960463325069298 ], [ 107.598964524062637, 47.95965177055826 ], [ 107.598750588387503, 47.958938351788248 ], [ 107.596842061892985, 47.957217110663883 ], [ 107.596735039212888, 47.957123487250918 ], [ 107.59368939684849, 47.954523831107743 ], [ 107.592035131200007, 47.953110290547755 ], [ 107.591763107084319, 47.952820458456102 ], [ 107.590505654461865, 47.95147379766361 ], [ 107.589988369774019, 47.950925359820879 ], [ 107.589975032013271, 47.95088518272955 ], [ 107.589408723331786, 47.949453813713269 ], [ 107.589564808920457, 47.947737064341425 ], [ 107.589934858118227, 47.944473041969374 ], [ 107.590483406416666, 47.943099628757388 ], [ 107.591821070581005, 47.940954792150798 ], [ 107.593033987430886, 47.939215724464873 ], [ 107.593560127222204, 47.939608163762969 ], [ 107.593586912753594, 47.939630407749576 ], [ 107.593988149943598, 47.939933637700705 ], [ 107.59461250521143, 47.939108682874789 ], [ 107.595535505128154, 47.937886941142317 ], [ 107.595664821643709, 47.93759260300272 ], [ 107.595803082573056, 47.937289382047886 ], [ 107.596561103812164, 47.935603893774513 ], [ 107.597345924645481, 47.934159105466058 ], [ 107.597216565620229, 47.933249471889738 ], [ 107.596842023173906, 47.93179583577686 ], [ 107.596859884123006, 47.930988726912084 ], [ 107.59707839554639, 47.930663148533036 ], [ 107.59726563689037, 47.930382278281783 ], [ 107.597519836902137, 47.930003203051463 ], [ 107.597595591903016, 47.929133747570816 ], [ 107.597653652084247, 47.928496081903411 ], [ 107.597716015231242, 47.927782636755744 ], [ 107.597858736568895, 47.92679267678939 ], [ 107.598951169656345, 47.924781607745594 ], [ 107.59908044391814, 47.924554189460217 ], [ 107.599093879385137, 47.924442721835263 ], [ 107.599294565210769, 47.922783942263216 ], [ 107.599967848859123, 47.921575561574478 ], [ 107.600645598635367, 47.920665875997244 ], [ 107.600868589504984, 47.920367105581541 ], [ 107.601399256810481, 47.919658148953758 ], [ 107.603218552775004, 47.917031715457306 ], [ 107.605189443136112, 47.914998337876682 ], [ 107.606870535873568, 47.914222516110279 ], [ 107.606924007135547, 47.914195711120918 ], [ 107.607584041854935, 47.914075333403083 ], [ 107.608319693128394, 47.913941535511029 ], [ 107.608529284942009, 47.914008439217568 ], [ 107.609813540393418, 47.914400816244104 ], [ 107.610161335545371, 47.914530172803879 ], [ 107.610625099935206, 47.914704094160797 ], [ 107.610754376911402, 47.914753094771726 ], [ 107.611030914747062, 47.91474421534344 ], [ 107.61172653986857, 47.914726356974136 ], [ 107.611766683081612, 47.914699630313081 ], [ 107.612279399573779, 47.914387477174245 ], [ 107.612703106792011, 47.913901452363653 ], [ 107.613099927856112, 47.913357422514288 ], [ 107.613122193309621, 47.913330639736962 ], [ 107.613233695272442, 47.91292045598864 ], [ 107.613496770789396, 47.911957284103494 ], [ 107.613929270584194, 47.910882634183416 ], [ 107.614562512903731, 47.91030735569791 ], [ 107.614691831899691, 47.910195893289746 ], [ 107.615289404711874, 47.90965192579867 ], [ 107.61662266133014, 47.908662002354255 ], [ 107.618580196692079, 47.907837070907064 ], [ 107.619900114307399, 47.90750709530667 ], [ 107.620203307365429, 47.907426827108686 ], [ 107.62053770139741, 47.90734653053714 ], [ 107.62064471752123, 47.907252904055497 ], [ 107.620747255425869, 47.907168154943101 ], [ 107.62117975091995, 47.906802519142808 ], [ 107.621309088913222, 47.906236265620102 ], [ 107.620475230622887, 47.905108097466623 ], [ 107.617536707232802, 47.901986716969155 ], [ 107.616319430973377, 47.899614471240007 ], [ 107.616413081215669, 47.898294591801495 ], [ 107.616462067820521, 47.897594492662272 ], [ 107.616466494691466, 47.897549918227256 ], [ 107.617590302901121, 47.895645892394931 ], [ 107.617995955245448, 47.894869956606762 ], [ 107.618178868397223, 47.893889006115266 ], [ 107.618094095396899, 47.893786416372606 ], [ 107.617318263441319, 47.892867873837645 ], [ 107.616725139190379, 47.892167764177692 ], [ 107.614468896369814, 47.890232489996116 ], [ 107.612819004109866, 47.888818998643536 ], [ 107.612471189162022, 47.888524700611363 ], [ 107.611472333638133, 47.886714291369586 ], [ 107.611088845316317, 47.88439108292576 ], [ 107.61082580641785, 47.88333425696154 ], [ 107.610892628460221, 47.882928477395367 ], [ 107.610928335398597, 47.882709983316687 ], [ 107.610116796617902, 47.882388936883807 ], [ 107.609528198838404, 47.882241805407602 ], [ 107.609073373696759, 47.882125887941626 ], [ 107.608364338039564, 47.881760266282598 ], [ 107.60794521187016, 47.881202827265675 ], [ 107.607985344953377, 47.880676624631931 ], [ 107.608003130328171, 47.880516107989266 ], [ 107.608034330101546, 47.880235193082235 ], [ 107.608038841355096, 47.880181678369411 ], [ 107.607856054369648, 47.879775910894487 ], [ 107.607468120872596, 47.879321117025178 ], [ 107.606959685234301, 47.878843981603907 ], [ 107.606883910510078, 47.878161761325615 ], [ 107.607013209270804, 47.877501762015413 ], [ 107.607472502124693, 47.876944412991186 ], [ 107.607971939167783, 47.876360277192411 ], [ 107.608070093719064, 47.875869750096086 ], [ 107.607847144056777, 47.875517481018314 ], [ 107.607387838724151, 47.875477326586996 ], [ 107.606888421926811, 47.875432772537927 ], [ 107.604917504426425, 47.875258866454452 ], [ 107.604877307030904, 47.875249971586094 ], [ 107.604360118606976, 47.875134032748484 ], [ 107.603352350873323, 47.874911012817243 ], [ 107.602514038151838, 47.874380388836755 ], [ 107.602005688848223, 47.873956773824688 ], [ 107.601773747009574, 47.873417226007099 ], [ 107.601657855379997, 47.872735042116858 ], [ 107.601305590933066, 47.872141955717957 ], [ 107.600280043728915, 47.871950196447166 ], [ 107.598349239480001, 47.872231097940251 ], [ 107.598233297118043, 47.872244494950763 ], [ 107.598112839715213, 47.872262336311664 ], [ 107.596801935282599, 47.872190991178265 ], [ 107.596387219744599, 47.872253392864998 ], [ 107.595713931833174, 47.872351534893077 ], [ 107.594273633932914, 47.872788533255303 ], [ 107.593261366964029, 47.872721657502915 ], [ 107.592984875989671, 47.872703772917568 ], [ 107.592935833720375, 47.872605691676732 ], [ 107.592699522184006, 47.872119637923959 ], [ 107.584606220888517, 47.866920315503627 ], [ 107.580905203299977, 47.864329568014178 ], [ 107.575879862848751, 47.861243919231242 ], [ 107.570533315203505, 47.858992072418921 ], [ 107.569659323812715, 47.858546133871137 ], [ 107.567015109495372, 47.858407942050611 ], [ 107.565967261450396, 47.857725663998615 ], [ 107.565249310147451, 47.857114775640021 ], [ 107.564879143039562, 47.856164985275299 ], [ 107.564754365051741, 47.855875164712664 ], [ 107.564723149160884, 47.855808269988501 ], [ 107.564647320728298, 47.855625452811196 ], [ 107.564424400613518, 47.855246407141863 ], [ 107.56389378985989, 47.85515277474817 ], [ 107.56273883200187, 47.855558548129196 ], [ 107.561855966935624, 47.855852842945112 ], [ 107.560968527033339, 47.855924182707405 ], [ 107.56001877733317, 47.855563043963087 ], [ 107.55901552335537, 47.855014562078658 ], [ 107.557182729568936, 47.854015682861146 ], [ 107.555689011780714, 47.852521885703354 ], [ 107.55564443764419, 47.852370296012815 ], [ 107.555466017764431, 47.851795044812619 ], [ 107.555202937565085, 47.850956719411279 ], [ 107.559260746712226, 47.838917144799929 ], [ 107.560326464805442, 47.835755694577095 ], [ 107.56058059911625, 47.835002134186972 ], [ 107.542548050807653, 47.790852538287723 ], [ 107.540153455120191, 47.784984330634032 ], [ 107.540091061496966, 47.783428153813304 ], [ 107.53866412094149, 47.749601389837082 ], [ 107.538503641018224, 47.745855729661699 ], [ 107.538472415558559, 47.745842339918788 ], [ 107.529224248984207, 47.741574994331913 ], [ 107.506547465169845, 47.731116186532283 ], [ 107.483870659724033, 47.720657360857736 ], [ 107.481525173588821, 47.699097608242418 ], [ 107.481525177134912, 47.699088699413451 ], [ 107.476397295603931, 47.651915842524701 ], [ 107.476352694736434, 47.651915868375603 ], [ 107.475657021250342, 47.651862388982096 ], [ 107.475639170752274, 47.6518579120807 ], [ 107.463666582851658, 47.650943791922487 ], [ 107.415503737498113, 47.647260565366899 ], [ 107.406050441214262, 47.646538161477658 ], [ 107.402411815233251, 47.646257252159387 ], [ 107.366652041731058, 47.648870299526735 ], [ 107.330892330541786, 47.651483302577425 ], [ 107.329866716594466, 47.651559174816043 ], [ 107.327396375936701, 47.651296026023473 ], [ 107.297261776697411, 47.648049834958194 ], [ 107.296655363900044, 47.647982912577447 ], [ 107.295701064247766, 47.657342581201874 ], [ 107.294742430949867, 47.666769127810909 ], [ 107.294648692926259, 47.667701059495329 ], [ 107.29457743166715, 47.668414518804795 ], [ 107.29456851961163, 47.668512609487195 ], [ 107.290483939055008, 47.671312921134884 ], [ 107.265553164868692, 47.688431444207566 ], [ 107.254360781942012, 47.696908153815585 ], [ 107.235993733072476, 47.710809425209796 ], [ 107.217626741239954, 47.724710660219813 ], [ 107.217042587055772, 47.725152139000642 ], [ 107.217006903633148, 47.725178858685183 ], [ 107.216801726842164, 47.725334935404483 ], [ 107.182306142306402, 47.747242530148114 ], [ 107.151052294645211, 47.73538357339023 ], [ 107.119798441863622, 47.723524554019413 ], [ 107.113439811793157, 47.723368474504724 ], [ 107.077278736861004, 47.722487817480733 ], [ 107.041117661432523, 47.721607177279452 ], [ 107.037340816633048, 47.728113005964516 ], [ 107.033024398207075, 47.735541835820499 ], [ 106.99594249403782, 47.740005386247574 ], [ 106.963489119340494, 47.743916001667294 ], [ 106.963368763179204, 47.743929398202425 ], [ 106.958998890334072, 47.748312717250585 ], [ 106.955427137700127, 47.75189781804837 ], [ 106.953897597913866, 47.75343178608658 ], [ 106.947035112603672, 47.760316621124332 ], [ 106.946473187301919, 47.760878456924779 ], [ 106.918536972136408, 47.75271385221955 ], [ 106.91080488069025, 47.750453054834914 ], [ 106.905890984611673, 47.749017249369544 ], [ 106.904999109668381, 47.749521122569597 ], [ 106.898604803764584, 47.753133008072865 ], [ 106.892076598810064, 47.756820654091158 ], [ 106.889878330798851, 47.758060280443289 ], [ 106.889588500674776, 47.758225273403617 ], [ 106.866414552184466, 47.76174795383713 ], [ 106.861835012100087, 47.762443570546353 ], [ 106.861076978868596, 47.762559537687594 ], [ 106.839963155062662, 47.74652903079042 ], [ 106.830817469284796, 47.737691107884217 ], [ 106.813221903462761, 47.720684144721453 ], [ 106.812361324691665, 47.719872556140395 ], [ 106.797530319218723, 47.705839741492113 ], [ 106.79198768804963, 47.717420021165204 ], [ 106.791283179494215, 47.718891560456655 ], [ 106.788830646271435, 47.724015066162821 ], [ 106.731972676981798, 47.720456714549883 ], [ 106.731954758196991, 47.72045669045638 ], [ 106.731522295095701, 47.720568164720106 ], [ 106.697436888343006, 47.729348115337316 ], [ 106.697008862872494, 47.729459636604545 ], [ 106.683948106038713, 47.735992219241702 ], [ 106.643214222555528, 47.742457914348577 ], [ 106.618978981059115, 47.744812296578949 ], [ 106.600326580954743, 47.746627136672281 ], [ 106.597776013596814, 47.748584738023467 ], [ 106.594012454366634, 47.751478663670405 ], [ 106.591488683813992, 47.751099678360063 ], [ 106.589829863014998, 47.750849975308988 ], [ 106.588585777998333, 47.750667086170971 ], [ 106.586012819494329, 47.750283616462625 ], [ 106.585977187326819, 47.750310388484394 ], [ 106.583047530223197, 47.752682630312108 ], [ 106.581981816623824, 47.752143055807181 ], [ 106.578691074066683, 47.750484317700028 ], [ 106.579079002735696, 47.750096379365658 ], [ 106.583823457888101, 47.745347381274236 ], [ 106.592772887078766, 47.736380190341499 ], [ 106.593192036279248, 47.735960977887203 ], [ 106.593517593336131, 47.735635480057141 ], [ 106.567021599643084, 47.715721125435557 ], [ 106.561367426009184, 47.711471648481862 ], [ 106.509606167256763, 47.719279514131053 ], [ 106.507746716308901, 47.746216896093799 ], [ 106.50748811242471, 47.805139455370487 ], [ 106.523810696913657, 47.826061615744742 ], [ 106.540133154054416, 47.846983679079166 ], [ 106.540204513680536, 47.847072868240232 ], [ 106.540204569324658, 47.847077351102413 ], [ 106.54037401025866, 47.847291349730455 ], [ 106.539914659570073, 47.847799738295947 ], [ 106.519014912900403, 47.87121446503113 ], [ 106.515898011370766, 47.890049681160498 ], [ 106.533136836849195, 47.910949487707853 ], [ 106.519587854803547, 47.928750246261473 ], [ 106.506038923669678, 47.946550936355678 ], [ 106.524539675235999, 47.956262918484342 ], [ 106.525578621170496, 47.9568113286619 ], [ 106.527001075566901, 47.957556011146529 ], [ 106.504571829441645, 47.9690315285753 ], [ 106.482142610411927, 47.980507036306108 ], [ 106.481727882568578, 47.980721032184391 ], [ 106.481580708995125, 47.980935088856398 ], [ 106.480055721412441, 47.983182475394869 ], [ 106.467855587464356, 48.001148236104058 ], [ 106.465376375322521, 48.004800198868672 ], [ 106.46535845981974, 48.004831404755805 ], [ 106.465336274982363, 48.004858191249255 ], [ 106.461162466404858, 48.011007252969769 ], [ 106.459592922761303, 48.013321511322843 ], [ 106.460444540794853, 48.030007496345931 ], [ 106.461086750285986, 48.042140720874329 ], [ 106.46163517129682, 48.043054840653689 ], [ 106.467070825208992, 48.052071101281456 ], [ 106.479814894092954, 48.073225111807886 ], [ 106.466071950885706, 48.086624721283187 ], [ 106.448070571310225, 48.104175696156126 ], [ 106.43008706560245, 48.121704432916637 ], [ 106.427473959876735, 48.124259514555995 ], [ 106.423871093195842, 48.127670741546453 ], [ 106.416972788799612, 48.134198824291104 ], [ 106.422930134552047, 48.141810536239731 ], [ 106.42775047360432, 48.147968522374633 ], [ 106.427835198847163, 48.14807559524062 ], [ 106.42846837421861, 48.148887114815082 ], [ 106.428726999340242, 48.149217106562453 ], [ 106.423050555637147, 48.161185361610215 ], [ 106.419282657921087, 48.169131461164106 ], [ 106.407680017517265, 48.197326378463444 ], [ 106.394726376258774, 48.213009003243471 ], [ 106.391524725594181, 48.216888454565719 ], [ 106.367280628176403, 48.246238195046423 ], [ 106.362901738334074, 48.25768922069026 ], [ 106.362852675887154, 48.257818500261344 ], [ 106.362816984285345, 48.257916585639634 ], [ 106.362607469439837, 48.258456152029758 ] ] ], [ [ [ 108.46872559287975, 47.691209434018603 ], [ 108.424981793842846, 47.684943295274721 ], [ 108.381238043270486, 47.678677177372059 ], [ 108.33749424092511, 47.672411012955628 ], [ 108.29375048131476, 47.666144857826261 ], [ 108.267488614443906, 47.675364015542357 ], [ 108.241226687865918, 47.684583243355014 ], [ 108.230181532344346, 47.684922131417807 ], [ 108.224169594621486, 47.74596166022279 ], [ 108.218157533320436, 47.807001191636239 ], [ 108.212145582590153, 47.868040686402473 ], [ 108.206133570812753, 47.929080172927677 ], [ 108.218195461144134, 47.958423326505432 ], [ 108.230257368090264, 47.987766432156796 ], [ 108.271722505103128, 47.987168899188262 ], [ 108.272395881990434, 47.986963823810619 ], [ 108.272770383002481, 47.986303862371386 ], [ 108.273167275002635, 47.985742003489918 ], [ 108.273087059233831, 47.985122194830382 ], [ 108.273390176303892, 47.98431955645102 ], [ 108.273421447695398, 47.984243735961897 ], [ 108.273590849638879, 47.984096573780306 ], [ 108.274455944301621, 47.983351934646223 ], [ 108.275321063373113, 47.983218142453765 ], [ 108.276524950217592, 47.982919358839077 ], [ 108.277042208978742, 47.982950623763095 ], [ 108.278339772892011, 47.9830932684172 ], [ 108.27864309884437, 47.982776716479677 ], [ 108.278602884286457, 47.982674131588297 ], [ 108.278491474313199, 47.982393213327782 ], [ 108.279490270411813, 47.981929464103118 ], [ 108.280912692314118, 47.981978534532267 ], [ 108.281073283383648, 47.981947309972114 ], [ 108.281969564672949, 47.98176897767916 ], [ 108.282535863202199, 47.981648523915418 ], [ 108.282691956136517, 47.981617332910112 ], [ 108.282901475770373, 47.98162180505259 ], [ 108.284707380229108, 47.981639607072538 ], [ 108.284948227109567, 47.981644082715995 ], [ 108.28691024371436, 47.981064388967006 ], [ 108.289023859255266, 47.980877133511292 ], [ 108.290183188206584, 47.980770075057549 ], [ 108.290441860710899, 47.980743333892299 ], [ 108.290878842414713, 47.98069431176318 ], [ 108.29126676235137, 47.980444577416861 ], [ 108.292176363809205, 47.979838139358272 ], [ 108.292247730647603, 47.979780169530422 ], [ 108.294575459136425, 47.97803668923806 ], [ 108.296278771757216, 47.977421332997999 ], [ 108.298165006657555, 47.976721275609933 ], [ 108.299324351733119, 47.976730165187476 ], [ 108.300693321648453, 47.97694863525129 ], [ 108.300751208659889, 47.976908498111172 ], [ 108.301460240735253, 47.977341098477844 ], [ 108.302267303187875, 47.9778805896471 ], [ 108.303988576260792, 47.978607425022538 ], [ 108.304951737641588, 47.978625261712622 ], [ 108.30562062093604, 47.978482570512519 ], [ 108.305736516740325, 47.978455848805737 ], [ 108.305972909073816, 47.978402351028109 ], [ 108.306021952961459, 47.978397875017649 ], [ 108.306351848684471, 47.978326493342387 ], [ 108.306383098023929, 47.97830869874339 ], [ 108.306659585644098, 47.978130349835219 ], [ 108.307774366104013, 47.977416824539738 ], [ 108.309544576571156, 47.975856181196654 ], [ 108.31070396739814, 47.974826090579199 ], [ 108.312126408152423, 47.973894146535109 ], [ 108.312434177181402, 47.973693537086191 ], [ 108.31253215174101, 47.973648904572869 ], [ 108.313936845035883, 47.973002355838922 ], [ 108.314899970010487, 47.972975573370682 ], [ 108.315996899077788, 47.972939954219285 ], [ 108.316799584800279, 47.972444953147061 ], [ 108.317628979975822, 47.972329023680402 ], [ 108.318725911420785, 47.972346873786648 ], [ 108.319403655304427, 47.97284181745281 ], [ 108.320010063484631, 47.973301101929863 ], [ 108.320317840825481, 47.97335906340188 ], [ 108.320598736528169, 47.973417076976226 ], [ 108.32087522172435, 47.973372485669003 ], [ 108.321940914684291, 47.973198554163339 ], [ 108.322146053932173, 47.973229753430367 ], [ 108.322913032860029, 47.9733501716074 ], [ 108.323849432189164, 47.973747055000082 ], [ 108.324241819693285, 47.973911978504333 ], [ 108.326319694783038, 47.974197382345253 ], [ 108.32668980753013, 47.974179530384568 ], [ 108.32829069886219, 47.974090377191217 ], [ 108.328531402950702, 47.974072514684174 ], [ 108.330029754396719, 47.974331167573077 ], [ 108.330208096013109, 47.974322248324 ], [ 108.330984039076867, 47.974268759489419 ], [ 108.331122185822935, 47.974255370239476 ], [ 108.331728681669489, 47.973952123617501 ], [ 108.331978315262319, 47.973827259196902 ], [ 108.332308351779531, 47.973662276699756 ], [ 108.333418634671091, 47.972935461806756 ], [ 108.333976029925523, 47.972529698402681 ], [ 108.334078632857796, 47.972177404652193 ], [ 108.334034059967976, 47.972106098242222 ], [ 108.333860117339881, 47.971798365729754 ], [ 108.33387345594673, 47.97093335264762 ], [ 108.334372841560167, 47.970594407045034 ], [ 108.334613629927546, 47.970433899105899 ], [ 108.335603646907614, 47.969840858539619 ], [ 108.335942456958179, 47.96909615960184 ], [ 108.336620299257774, 47.968601195040193 ], [ 108.336919056462179, 47.968596781833149 ], [ 108.33758346572651, 47.968574427207294 ], [ 108.337873284215561, 47.968650288810991 ], [ 108.33836823692171, 47.968770671201348 ], [ 108.338894429593168, 47.968922297753295 ], [ 108.33899698015145, 47.969064954946795 ], [ 108.339179792725446, 47.969310207345615 ], [ 108.339260096438224, 47.969341409670804 ], [ 108.339969106143201, 47.969586690145164 ], [ 108.340356958596573, 47.969658024257008 ], [ 108.341975625942595, 47.969742780482477 ], [ 108.34297895195229, 47.969698178456468 ], [ 108.343068173475515, 47.969693698733963 ], [ 108.343968842551092, 47.969653595563194 ], [ 108.344481631927891, 47.969626835167503 ], [ 108.345489434371203, 47.969296858587612 ], [ 108.345739156867566, 47.969091735827973 ], [ 108.346042332966505, 47.968846477965066 ], [ 108.346470462469568, 47.968578894364015 ], [ 108.34701888433807, 47.968088402278426 ], [ 108.348098013595006, 47.967638076233925 ], [ 108.348664369219776, 47.966830964890072 ], [ 108.349814714052428, 47.966474237206285 ], [ 108.350318602760737, 47.965720621217791 ], [ 108.351179251417221, 47.965185567888156 ], [ 108.351968500673152, 47.964561306603592 ], [ 108.352909410106776, 47.964164437005735 ], [ 108.354327393584327, 47.963705088783037 ], [ 108.354875832194438, 47.962621580424369 ], [ 108.35580781148866, 47.962081996509447 ], [ 108.356601538530555, 47.961600442595334 ], [ 108.357992770955406, 47.960677359388264 ], [ 108.359250246334625, 47.959852483688053 ], [ 108.360654857648314, 47.959210338820668 ], [ 108.361702738836541, 47.958345304256433 ], [ 108.362433979155867, 47.957859276371209 ], [ 108.362875472914197, 47.957292929941111 ], [ 108.363361531575904, 47.957324124980801 ], [ 108.363709302702915, 47.957408838546876 ], [ 108.364846346153755, 47.956860408387463 ], [ 108.366001303005504, 47.95543798832108 ], [ 108.366580951706766, 47.954911769677302 ], [ 108.367053653807474, 47.954666526312586 ], [ 108.368012416250721, 47.954635333985443 ], [ 108.368511753642196, 47.95485383132015 ], [ 108.369416939018009, 47.954969772486031 ], [ 108.369885104543627, 47.954769071983684 ], [ 108.37049163543692, 47.954563946492463 ], [ 108.371254164879801, 47.95459074867437 ], [ 108.371820362077116, 47.954804750007796 ], [ 108.372252907233701, 47.955067845974504 ], [ 108.373144727107203, 47.95504555870729 ], [ 108.373572811672204, 47.955219427460662 ], [ 108.373604052184703, 47.955723349355971 ], [ 108.374032091653348, 47.955946269722872 ], [ 108.375280730194532, 47.956044403258467 ], [ 108.376328592597915, 47.95629408577561 ], [ 108.376908198526692, 47.956695396192856 ], [ 108.376943958533175, 47.957252789259257 ], [ 108.377782237804624, 47.95740886313375 ], [ 108.378286135008082, 47.957721006424109 ], [ 108.378509112058978, 47.957943991721869 ], [ 108.379271553444184, 47.958015280908086 ], [ 108.37988695956011, 47.957993013260868 ], [ 108.380569132158428, 47.957792345328372 ], [ 108.381313838677073, 47.957627337891246 ], [ 108.382317150354027, 47.957181466432772 ], [ 108.382910213114229, 47.956699914121856 ], [ 108.383788621190064, 47.956445705961613 ], [ 108.384667145495897, 47.956187097787733 ], [ 108.385563315029884, 47.956160323250316 ], [ 108.386401698154103, 47.956271797814388 ], [ 108.387182028554349, 47.955602914797815 ], [ 108.387427217425312, 47.955134726521123 ], [ 108.387333673720164, 47.954764634661274 ], [ 108.387101741285946, 47.95439899376013 ], [ 108.387208805165898, 47.953890628720998 ], [ 108.387806242090576, 47.953591860269675 ], [ 108.388698095309238, 47.953426915949095 ], [ 108.389447216755912, 47.953359986833163 ], [ 108.390182993636188, 47.953012169910942 ], [ 108.390356926703475, 47.952450347602792 ], [ 108.390860748847544, 47.951741364360572 ], [ 108.392265394477519, 47.951050221045101 ], [ 108.392644417782265, 47.949819467795635 ], [ 108.393389136926501, 47.949636646199551 ], [ 108.393714627971278, 47.948985591469558 ], [ 108.394454834785805, 47.948428217572307 ], [ 108.395667673216153, 47.948102751556625 ], [ 108.397107977028554, 47.947870831441719 ], [ 108.398071129536305, 47.946800693939629 ], [ 108.399221575351135, 47.946122877350454 ], [ 108.400233795608813, 47.946163039644738 ], [ 108.400782306326562, 47.945989124654183 ], [ 108.400581643934188, 47.945445116626971 ], [ 108.400920503491477, 47.94490109789303 ], [ 108.401665126270785, 47.944700431093082 ], [ 108.402748717888016, 47.944700409986822 ], [ 108.403702981958716, 47.944762852950802 ], [ 108.404514497608034, 47.944633553022712 ], [ 108.40539738635438, 47.94476284395224 ], [ 108.406347246306467, 47.944972405279898 ], [ 108.407163292942869, 47.94470045243223 ], [ 108.407841038511577, 47.94408953733268 ], [ 108.408862157630423, 47.943683756366582 ], [ 108.40981200090782, 47.94375062322387 ], [ 108.411033747732716, 47.944156416361977 ], [ 108.412661340629512, 47.944156421426563 ], [ 108.413949989178207, 47.944089539887429 ], [ 108.415037993495986, 47.944089524395139 ], [ 108.416192951970444, 47.943813068866937 ], [ 108.41680382658673, 47.943474204856962 ], [ 108.416937607054422, 47.942796434702544 ], [ 108.41768675284105, 47.942662601880336 ], [ 108.418293239359684, 47.942662649628808 ], [ 108.418837212899561, 47.942390610536222 ], [ 108.419381166450108, 47.941984811680555 ], [ 108.420464720165555, 47.941984846878405 ], [ 108.421552740648593, 47.942123046993302 ], [ 108.422912796782938, 47.942051718700696 ], [ 108.424469014666457, 47.942185490876369 ], [ 108.425967252377717, 47.941913502276584 ], [ 108.427117757811445, 47.942185524643385 ], [ 108.427933743421818, 47.942461984199191 ], [ 108.429017307761782, 47.942461935902365 ], [ 108.42963262259606, 47.942323723938898 ], [ 108.430444225303845, 47.94212306665078 ], [ 108.430515525258002, 47.941507702861102 ], [ 108.430515542204489, 47.940896820580249 ], [ 108.431122023302152, 47.940357292256238 ], [ 108.432210061656576, 47.93994705478206 ], [ 108.434180947463176, 47.940085263360523 ], [ 108.435264478138649, 47.940219069934791 ], [ 108.437097168913297, 47.940624793980149 ], [ 108.438457266796632, 47.941035069379772 ], [ 108.439407007490772, 47.940963709179528 ], [ 108.440017984683422, 47.940491071564267 ], [ 108.440490600555449, 47.939746360304518 ], [ 108.440388013269654, 47.939117664845774 ], [ 108.440602028046953, 47.938649413037396 ], [ 108.44136903735567, 47.938395236396374 ], [ 108.44197097070726, 47.938051928703707 ], [ 108.442693390732231, 47.937989500033737 ], [ 108.443250779870525, 47.937900326426607 ], [ 108.443785871747295, 47.937605967431836 ], [ 108.444766867756854, 47.937454404948909 ], [ 108.446238348945201, 47.937392003443918 ], [ 108.448013020206133, 47.937605994446024 ], [ 108.449399849885594, 47.937882442044078 ], [ 108.450256010597798, 47.93792708472504 ], [ 108.451045292526544, 47.937882475336266 ], [ 108.451513470550012, 47.937498987289004 ], [ 108.451682887131525, 47.936963925583797 ], [ 108.451874673867124, 47.93645108072905 ], [ 108.452302718806152, 47.936107755404507 ], [ 108.453265882243343, 47.936085493357822 ], [ 108.453881300615222, 47.936192467941233 ], [ 108.454269145600762, 47.936045322548445 ], [ 108.454505547498215, 47.935639545787964 ], [ 108.45486675328803, 47.935425527557967 ], [ 108.455464228312152, 47.935385387361315 ], [ 108.456382886137732, 47.935639570132437 ], [ 108.457234485575057, 47.93597843900325 ], [ 108.457662558234318, 47.936067611230612 ], [ 108.458130781737225, 47.936085459574507 ], [ 108.458540972182746, 47.935920453396854 ], [ 108.45883533160611, 47.935492389473886 ], [ 108.459414990874947, 47.935042025610414 ], [ 108.460458398745075, 47.934596105491707 ], [ 108.461845222612666, 47.934337483709214 ], [ 108.462955584840458, 47.934101171537037 ], [ 108.4640078666324, 47.933847006515798 ], [ 108.46445385672402, 47.933525951102418 ], [ 108.464623182450026, 47.933120128058398 ], [ 108.464453772266992, 47.932736675824053 ], [ 108.4639588505311, 47.932264001493394 ], [ 108.463619910918666, 47.931884972626698 ], [ 108.463726901007561, 47.931412291900685 ], [ 108.464195148132461, 47.93130532486645 ], [ 108.464538526925509, 47.931260712115588 ], [ 108.464904173016251, 47.931367707117204 ], [ 108.465176113878201, 47.931688752999271 ], [ 108.465372402141597, 47.931987540270143 ], [ 108.465586445242195, 47.9321391581989 ], [ 108.465992148037344, 47.932116828982302 ], [ 108.466696688833125, 47.931711050567813 ], [ 108.467142644213141, 47.931626356520795 ], [ 108.467379003533139, 47.931497064717547 ], [ 108.467419093553502, 47.931220547655357 ], [ 108.467485962540366, 47.930725636017144 ], [ 108.467847194201809, 47.930346585468101 ], [ 108.468297534505609, 47.930279741561506 ], [ 108.469278518116113, 47.930172685682905 ], [ 108.470197112118413, 47.93027970406326 ], [ 108.470923965531782, 47.930511569744539 ], [ 108.472034304525934, 47.930814802163873 ], [ 108.472422217336444, 47.930890588343203 ], [ 108.472827987128042, 47.930788028082951 ], [ 108.473033109927954, 47.930654230587358 ], [ 108.473198054143111, 47.930400066076096 ], [ 108.473421011725534, 47.930248468890902 ], [ 108.473795626435646, 47.930248452673567 ], [ 108.474406451250431, 47.930328729987792 ], [ 108.475119905036792, 47.930346582098707 ], [ 108.475762052610719, 47.93027968920687 ], [ 108.476221346263898, 47.93003891231654 ], [ 108.476355092436961, 47.929499377259631 ], [ 108.476555784273415, 47.929111445953112 ], [ 108.476948125060218, 47.928754677117027 ], [ 108.477269197714392, 47.928616437855958 ], [ 108.477831115759102, 47.928585274768217 ], [ 108.478593569008694, 47.928429185216508 ], [ 108.479155494935455, 47.928210693085141 ], [ 108.479405163575834, 47.928041214730513 ], [ 108.490842746796915, 47.921352615980766 ], [ 108.493758980589561, 47.919675982215921 ], [ 108.495257312080582, 47.918699437025218 ], [ 108.496782301016395, 47.917294824218935 ], [ 108.497540364253794, 47.915479937414432 ], [ 108.497575930829456, 47.914097598201643 ], [ 108.497344141311729, 47.913660664821826 ], [ 108.49591721086577, 47.912630557569905 ], [ 108.494316437470715, 47.911221511478999 ], [ 108.493973081862663, 47.910209277966139 ], [ 108.494160304839568, 47.909277318649337 ], [ 108.494887163126279, 47.908528243832251 ], [ 108.495984089433193, 47.907903916060839 ], [ 108.497031975517345, 47.90769879009067 ], [ 108.498062074033058, 47.907359934886905 ], [ 108.499087617110305, 47.906454745312132 ], [ 108.499051971212197, 47.905495988052664 ], [ 108.49857482799105, 47.904827168210872 ], [ 108.497321865269015, 47.904193959417775 ], [ 108.495466814726342, 47.903690049401042 ], [ 108.49358062955568, 47.903333351274043 ], [ 108.491850453223691, 47.902865133090565 ], [ 108.491217251474851, 47.902218553128101 ], [ 108.491079042059198, 47.901554182299662 ], [ 108.491435814673622, 47.900840724792594 ], [ 108.492729000665221, 47.899886495196711 ], [ 108.493790265603849, 47.899083853719752 ], [ 108.494262818812985, 47.898236578996134 ], [ 108.493973008911425, 47.897144137706853 ], [ 108.493201640406554, 47.896247809109553 ], [ 108.491119243441858, 47.895231154473962 ], [ 108.48868900673412, 47.894473140029518 ], [ 108.48758313980764, 47.894214462712668 ], [ 108.486508486192065, 47.893665996427309 ], [ 108.486107146531822, 47.893398448587021 ], [ 108.486236496532399, 47.892841084135007 ], [ 108.486816207109854, 47.891739697703031 ], [ 108.486954422348219, 47.890789864877725 ], [ 108.486472831088861, 47.88988469074814 ], [ 108.486290001096719, 47.888778863550655 ], [ 108.485621169826928, 47.888074337495766 ], [ 108.48530007349504, 47.887606141847698 ], [ 108.485152894660914, 47.886772277849524 ], [ 108.485144050003527, 47.886455648949202 ], [ 108.484715899460383, 47.885884884620772 ], [ 108.483248879353468, 47.885282937521502 ], [ 108.481371652077001, 47.884498125498652 ], [ 108.478660461626262, 47.883499313812166 ], [ 108.477166727190166, 47.882995399410632 ], [ 108.476818867275824, 47.882643098868726 ], [ 108.476653876379174, 47.881809249358092 ], [ 108.476716318602769, 47.880578597562305 ], [ 108.477001678526662, 47.87897329258319 ], [ 108.476364011474104, 47.877925389636943 ], [ 108.475392023890748, 47.876935497352839 ], [ 108.473710895214708, 47.875972298323873 ], [ 108.471793476758535, 47.875878631449226 ], [ 108.47045126280878, 47.875486234227168 ], [ 108.469684280011805, 47.87520978700509 ], [ 108.469447986912513, 47.875026979686446 ], [ 108.469367754842409, 47.874728228713415 ], [ 108.469795757502979, 47.87441608856021 ], [ 108.470790233604944, 47.874286795211901 ], [ 108.471927296207298, 47.873898858911154 ], [ 108.472275081054221, 47.873105132858662 ], [ 108.472243848434232, 47.871878884614027 ], [ 108.47139661207882, 47.870590165164614 ], [ 108.470170357236412, 47.869649293349617 ], [ 108.469296381277232, 47.869363918488538 ], [ 108.467865023321636, 47.869551207615082 ], [ 108.466612010918539, 47.869965911710175 ], [ 108.4657781164954, 47.870108582291998 ], [ 108.465104809532278, 47.870041675929116 ], [ 108.46481054991095, 47.869876702974373 ], [ 108.464881814842499, 47.869667154173584 ], [ 108.466754700168778, 47.868208994957151 ], [ 108.467271988016037, 47.866755350355994 ], [ 108.46719172468265, 47.865850145413575 ], [ 108.466255300603223, 47.864641746595566 ], [ 108.464850699097951, 47.863723188361625 ], [ 108.463075912971789, 47.862822459050797 ], [ 108.462322308901335, 47.861743303700905 ], [ 108.462558672621384, 47.860771259188297 ], [ 108.463080403321655, 47.859950748376114 ], [ 108.463927652822903, 47.859464727611616 ], [ 108.465532857589579, 47.859232841316668 ], [ 108.468110212557406, 47.859165973353974 ], [ 108.468814826208785, 47.859451337846743 ], [ 108.46918938694931, 47.859937365900151 ], [ 108.469666497736213, 47.86035652860415 ], [ 108.472698658701617, 47.860682024946172 ], [ 108.474201395707169, 47.860463528445813 ], [ 108.47519136326359, 47.859928488307752 ], [ 108.475953771006772, 47.858336594542571 ], [ 108.476377447547691, 47.857248553762972 ], [ 108.474874711413662, 47.856156075743193 ], [ 108.473505762357789, 47.855415880852746 ], [ 108.472877006452549, 47.854648882751881 ], [ 108.472761112538507, 47.853574206155237 ], [ 108.473046539938693, 47.852606643059666 ], [ 108.473421087747141, 47.851639017926566 ], [ 108.474023069000893, 47.850791797493315 ], [ 108.475039741908731, 47.849761742518247 ], [ 108.475713022159184, 47.848477464699371 ], [ 108.477175610570683, 47.84711297407037 ], [ 108.477438693886739, 47.846033905966095 ], [ 108.477193491586917, 47.844879000581649 ], [ 108.476350666235959, 47.843933707711358 ], [ 108.475623814027486, 47.842997294134641 ], [ 108.475641694650875, 47.84249782357854 ], [ 108.476132193216898, 47.841922594895451 ], [ 108.477251420575698, 47.841079839389991 ], [ 108.478531204471523, 47.840094390362928 ], [ 108.47945868804598, 47.838952838813292 ], [ 108.479293703677712, 47.838631832592817 ], [ 108.477510043772654, 47.837744424802459 ], [ 108.476444358372419, 47.837151396850835 ], [ 108.476212426476678, 47.836861564118287 ], [ 108.47635961257447, 47.836411194450932 ], [ 108.475842274670626, 47.836063353628496 ], [ 108.474147856437142, 47.835033299812501 ], [ 108.473425533061331, 47.834382278844124 ], [ 108.47385807465723, 47.833695573304276 ], [ 108.474616122935387, 47.833106980938098 ], [ 108.476390770113497, 47.83248717789197 ], [ 108.478468747829623, 47.831519569649025 ], [ 108.479695041638806, 47.830868524298175 ], [ 108.480305877184676, 47.830342339095417 ], [ 108.48082307531601, 47.829838427693133 ], [ 108.48093019780022, 47.829365770198486 ], [ 108.480733929798419, 47.828656764222579 ], [ 108.479793066057212, 47.82714518422906 ], [ 108.478504370882547, 47.824933457505466 ], [ 108.477501091820798, 47.82318105353572 ], [ 108.477461047513714, 47.821691689940188 ], [ 108.478250217375987, 47.820456522600573 ], [ 108.479467579756843, 47.819484452941481 ], [ 108.479909024863446, 47.818570270942466 ], [ 108.479851101102668, 47.817254875154298 ], [ 108.480319311479889, 47.815885911850764 ], [ 108.480658131955309, 47.814900490573841 ], [ 108.48072062960857, 47.814276202818363 ], [ 108.480533366343522, 47.814017581208653 ], [ 108.4802033519926, 47.813888273985306 ], [ 108.478642682592564, 47.813736651138633 ], [ 108.477438691579295, 47.813540428400323 ], [ 108.476520126056144, 47.813005348734407 ], [ 108.475668433864811, 47.812113542022239 ], [ 108.475151117548435, 47.810597429724758 ], [ 108.475360729301798, 47.809536156619366 ], [ 108.475704096150835, 47.809023397783733 ], [ 108.476457710729463, 47.808465958980918 ], [ 108.477906908922975, 47.808037867325851 ], [ 108.480140910085041, 47.807502848401043 ], [ 108.480876634785034, 47.806637755036391 ], [ 108.480738461568563, 47.805389208900422 ], [ 108.480310375082098, 47.804078213043773 ], [ 108.48095687374429, 47.803387073406768 ], [ 108.482704867390652, 47.801260067278918 ], [ 108.482134116112462, 47.799784093223231 ], [ 108.481781827238777, 47.79831264366635 ], [ 108.481509803972344, 47.795828891034084 ], [ 108.482343700908601, 47.794981651457981 ], [ 108.482151984326748, 47.793095459699281 ], [ 108.482196532174058, 47.79133857457181 ], [ 108.483079432906464, 47.789224938862432 ], [ 108.483877590430097, 47.788796854609743 ], [ 108.48482296517669, 47.788658667376978 ], [ 108.484916569680323, 47.78812357354446 ], [ 108.484493018737112, 47.787401172431444 ], [ 108.483699287199798, 47.786892841083947 ], [ 108.482330340901768, 47.78644250161986 ], [ 108.481821935687719, 47.786139255487406 ], [ 108.481648090057902, 47.785064638678847 ], [ 108.481777427276157, 47.783954333753471 ], [ 108.482250114058246, 47.783503958536947 ], [ 108.483886548533746, 47.783218585605468 ], [ 108.48628552824529, 47.782973272829132 ], [ 108.487529642720816, 47.782656710835369 ], [ 108.488466048163531, 47.781822889888069 ], [ 108.48858646528457, 47.780975657080006 ], [ 108.488234194351861, 47.780257705173938 ], [ 108.486584360859297, 47.779258883400537 ], [ 108.485643410757262, 47.778679153440613 ], [ 108.484626775637096, 47.778095043188557 ], [ 108.482713767881464, 47.777680367269284 ], [ 108.481046094404647, 47.77718982455518 ], [ 108.479057326316465, 47.775932356174039 ], [ 108.47750112565879, 47.774465319746739 ], [ 108.475659498283065, 47.772837759680939 ], [ 108.473568165303988, 47.770519048817476 ], [ 108.472404358321981, 47.76849010687188 ], [ 108.471561572059599, 47.767946124119248 ], [ 108.471316384425819, 47.767357523779076 ], [ 108.47161505878077, 47.766639597433119 ], [ 108.472747729521544, 47.766153548135435 ], [ 108.474580366524165, 47.765596174212817 ], [ 108.475797779305893, 47.765868186453986 ], [ 108.478682736409581, 47.7668268788807 ], [ 108.480065070166688, 47.76702309020574 ], [ 108.481639156986233, 47.766809064178069 ], [ 108.483436165900102, 47.766256125735964 ], [ 108.486562020217292, 47.764521549259172 ], [ 108.488314416830519, 47.763848213951661 ], [ 108.49037005030182, 47.763527139350117 ], [ 108.492925130676809, 47.762711183435037 ], [ 108.494668598268092, 47.76094533484941 ], [ 108.496416563584376, 47.759054673252614 ], [ 108.497094436230157, 47.757828437032209 ], [ 108.496902694994475, 47.757025811053261 ], [ 108.495547099197609, 47.755380389910698 ], [ 108.494664150272968, 47.75480962097204 ], [ 108.493522648875853, 47.753904422384977 ], [ 108.492149285231235, 47.752713834801284 ], [ 108.490851690249457, 47.751278041080447 ], [ 108.489563033566242, 47.750051773262513 ], [ 108.489429141133613, 47.749423000239887 ], [ 108.489714610937042, 47.748963739917222 ], [ 108.490628712525492, 47.748638219007525 ], [ 108.492033322395002, 47.748513378082912 ], [ 108.494726570468799, 47.748606994289176 ], [ 108.497607223062005, 47.748647163964129 ], [ 108.499756540695174, 47.748321643269371 ], [ 108.500782124280619, 47.746395280865954 ], [ 108.499961641632567, 47.743871476665312 ], [ 108.499435449349761, 47.743465673454139 ], [ 108.49835637400038, 47.743202594771525 ], [ 108.496706534335772, 47.743322999266091 ], [ 108.495636273528376, 47.743421042856056 ], [ 108.494088949304512, 47.742618438182035 ], [ 108.493009930476774, 47.741196006385948 ], [ 108.49243465412836, 47.740375485432779 ], [ 108.491832658223728, 47.738654301391612 ], [ 108.48921069828522, 47.737164969883615 ], [ 108.484216542528344, 47.735350101438641 ], [ 108.482134110489383, 47.734266563363718 ], [ 108.481380541142769, 47.733200797622153 ], [ 108.480876634263936, 47.731171917133246 ], [ 108.480876597850866, 47.730271181645342 ], [ 108.4814473767821, 47.72904937041443 ], [ 108.482985835440502, 47.727096332155625 ], [ 108.483953426565293, 47.725482083726057 ], [ 108.484341409356389, 47.723248096855698 ], [ 108.484903196006897, 47.72228044683289 ], [ 108.485603335521802, 47.721781035576008 ], [ 108.488296605985383, 47.720095532454962 ], [ 108.489616465615768, 47.718637423543861 ], [ 108.489964276125619, 47.717518139340626 ], [ 108.489768144645211, 47.715846006990759 ], [ 108.488122660116446, 47.713696736164337 ], [ 108.487449340918545, 47.71328200032459 ], [ 108.486316757379882, 47.71249273177137 ], [ 108.485518573318117, 47.711788187870077 ], [ 108.483815231646446, 47.710655559367027 ], [ 108.482963486783561, 47.709344628863732 ], [ 108.482762871327097, 47.70845283011996 ], [ 108.483057174383134, 47.706914420483031 ], [ 108.484015896573737, 47.705166437535887 ], [ 108.485326833854813, 47.703182140215105 ], [ 108.48549623347175, 47.702312609349875 ], [ 108.485143991273816, 47.701710666121379 ], [ 108.484047053514232, 47.701019465829916 ], [ 108.483017051391698, 47.700823263631726 ], [ 108.482111846523878, 47.700386267760251 ], [ 108.481982481473921, 47.69939189127053 ], [ 108.481344876832054, 47.698647221363707 ], [ 108.48047087753865, 47.698250372393701 ], [ 108.479137575830748, 47.698089845328049 ], [ 108.477871194491826, 47.697746519952283 ], [ 108.476609317621566, 47.696680778765653 ], [ 108.474807817312978, 47.69545899899299 ], [ 108.472827969367799, 47.694406660243466 ], [ 108.46872559287975, 47.691209434018603 ] ] ] ] } }
]
}
